source,target,value
0,0,0.9395542943701831
0,1,0.0033003566799065377
0,2,3.922159984662162e-05
0,3,0.0014036947721505204
0,4,8.850091251992793e-05
0,5,0.00020741857594131752
0,6,0.00043665786448585754
0,7,8.018328841758315e-05
0,8,8.700443621699561e-05
0,9,0.0012422841420807501
0,10,0.00011195730852402994
0,11,0.0008291522771479681
0,12,0.0010117223861057117
0,13,0.00018911284256126166
0,14,0.0006119544025758603
0,15,0.0001328035714416221
0,16,0.0005586032822875986
0,17,0.00025433136794952155
0,18,8.815289477505995e-05
0,19,8.93361551076111e-05
0,20,7.973086534925477e-05
0,21,0.0002749688202201929
0,22,5.7074910158349115e-05
0,23,0.00040651952778029027
0,24,0.00022903047789761923
0,25,0.00013986833166244214
0,26,0.0009885444042975042
0,27,0.0005133609754547608
0,28,0.0011648849956221107
0,29,0.00036388735403396243
0,30,7.555465241083899e-05
0,31,6.065949293048934e-05
0,32,0.0003403265527064
0,33,0.0007736434468415249
0,34,0.0002706882019583167
0,35,0.0008697311461995749
0,36,0.00036051158190874297
0,37,0.0025502044308436016
0,38,0.0013103912147514143
0,39,0.00042879266345184115
0,40,2.9198688794423727e-05
0,41,0.0006048548405805535
0,42,0.0011931092347309041
0,43,0.0011139351977734382
0,44,5.864099001025504e-05
0,45,1.2772251236654955e-05
0,46,0.0003671239190612347
0,47,0.0023238884913559525
0,48,0.00041476754833366143
0,49,0.0012432237899918936
0,50,0.001352327353008006
0,51,0.0013199617027352837
0,52,0.0013768974057956857
0,53,0.0018847597008815325
0,54,9.998549810057135e-05
0,55,0.0027780864501831567
0,56,4.593834232257368e-05
0,57,0.0008989646367684854
0,58,3.835155548445166e-05
0,59,0.0009224558345470742
0,60,5.4395173522865656e-05
0,61,0.001056164252125353
0,62,1.4512339960994867e-05
0,63,0.00163989441559242
0,64,0.0016199878005859715
0,65,8.665641847212763e-06
0,66,2.554450247330991e-05
0,67,5.5682839178877185e-05
0,68,4.4859487313482934e-05
0,69,7.966126180028118e-05
0,70,6.274759939969724e-05
0,71,0.00010287404538297561
0,72,0.0019451755813906142
0,73,2.474406166011355e-05
0,74,0.00016562164478267283
0,75,4.506829796040372e-05
0,76,7.061280043371363e-05
0,77,0.0015968794223267374
0,78,2.317798180820763e-05
0,79,0.0003240393222465784
0,80,6.674980346567903e-05
0,81,0.0015767291948988811
0,82,3.741190757330811e-05
0,83,3.695948450497973e-05
0,84,0.00029014239389643697
0,85,0.0026636930174450506
0,86,3.483657626128504e-05
0,87,2.0811461143105348e-05
0,88,3.772512354368929e-05
0,89,0.00012518198282901328
0,90,3.344450528181311e-05
0,91,2.7493401844570613e-06
0,92,0.0012885008985992182
0,93,1.1066964286801842e-05
0,94,4.1066093894421926e-06
0,95,5.011455526098947e-06
0,96,2.1159478887973332e-05
0,97,3.347930705629991e-05
0,98,3.062556154838245e-05
0,99,7.197006963869877e-05
0,100,4.6425567165388856e-05
0,101,4.3850235853365785e-06
0,102,0.0019482381375454524
0,103,1.740088724339912e-06
0,104,6.594936265248267e-05
0,105,0.00020658333335363437
0,106,9.330355739910609e-05
0,107,0.00028707983774159873
0,108,5.366433625864289e-05
0,109,0.00017334763871874206
0,110,0.00012782691769000994
0,111,4.419825359823377e-06
0,112,0.00032602302339232594
0,113,0.00034394593725302705
0,114,0.0003684115847172462
0,115,1.4721150607915657e-05
0,116,8.282822327857982e-06
0,117,0.00016760534592842033
0,118,0.0001784634995683014
0,119,2.8398247981227365e-05
0,120,0.00010276964005951521
0,121,4.4024244725799776e-05
0,122,7.210927673664597e-05
0,123,8.394188006215736e-05
0,124,7.92784422809264e-05
0,125,4.492909086245653e-05
0,126,3.400133367360188e-05
0,127,2.5996925541638288e-05
0,128,1.9941416780935394e-05
0,129,3.0381949126974866e-05
0,130,2.1925117926682893e-06
0,131,4.593834232257368e-06
1,1,0.9206504956285343
1,2,0.0001150063742894686
1,3,0.0010742084747463131
1,4,0.00012479415082474252
1,5,0.00015905136869820126
1,6,0.0008270671172306465
1,7,6.606749161309899e-05
1,8,8.074915641600986e-05
1,9,0.0013262437205296166
1,10,0.00021288413964220783
1,11,0.0011231473574226827
1,12,0.0006068421451869832
1,13,0.00019575553070547846
1,14,0.0011378290222255935
1,15,0.00019330858657165998
1,16,0.0003572538435374982
1,17,0.000636205474792805
1,18,9.053693295128379e-05
1,19,8.564304468364683e-05
1,20,0.000259376078184759
1,21,0.00021533108377602632
1,22,6.606749161309899e-05
1,23,0.0005309868770386104
1,24,0.0004208743910167787
1,25,0.00012479415082474252
1,26,0.0018743592065049563
1,27,0.0009371796032524781
1,28,0.0017471181115463954
1,29,0.00028139857538912527
1,30,7.830221228219139e-05
1,31,7.096137988073594e-05
1,32,0.0003572538435374982
1,33,0.0005016235474327885
1,34,0.00024958830164948504
1,35,0.0013605009384030752
1,36,0.0005456685418415212
1,37,0.004810692167087133
1,38,0.0032837990275844013
1,39,0.0004600254971578744
1,40,5.383277094400658e-05
1,41,0.0011329351339579566
1,42,0.0012870926143885208
1,43,0.0009298387708510227
1,44,0.0001639452569658382
1,45,2.691638547200329e-05
1,46,0.00036214773180513515
1,47,0.003910216725841932
1,48,0.0007145076870749964
1,49,0.0021337352846897153
1,50,0.0015807259104467387
1,51,0.00135316010600162
1,52,0.000890687664709927
1,53,0.0014583787037558144
1,54,5.872665921164354e-05
1,55,0.006584726664105532
1,56,9.787776535273923e-05
1,57,0.0009689898769921184
1,58,6.36205474792805e-05
1,59,0.0008662182233717422
1,60,0.00010521859775419467
1,61,0.0016516872903274745
1,62,5.627971507782506e-05
1,63,0.001969790027723877
1,64,0.0022976805416555536
1,65,2.4469441338184808e-05
1,66,7.830221228219139e-05
1,67,0.0001639452569658382
1,68,0.00013702887149383492
1,69,0.00019330858657165998
1,70,0.0007756812904204584
1,71,0.00024469441338184807
1,72,0.003271564306915309
1,73,6.117360334546202e-05
1,74,0.0005138582681018809
1,75,0.00012234720669092403
1,76,0.00018841469830402303
1,77,0.001705520061271481
1,78,2.4469441338184808e-05
1,79,0.00042821522341823413
1,80,9.298387708510227e-05
1,81,0.0014485909272205406
1,82,5.383277094400658e-05
1,83,1.4681664802910884e-05
1,84,0.0003058680167273101
1,85,0.0026598282734606885
1,86,6.851443574691746e-05
1,87,2.936332960582177e-05
1,88,6.36205474792805e-05
1,89,0.00011011248602183163
1,90,6.117360334546202e-05
1,92,0.0008221732289630095
1,93,1.4681664802910884e-05
1,95,9.787776535273923e-06
1,96,3.425721787345873e-05
1,97,9.787776535273923e-05
1,98,3.425721787345873e-05
1,99,4.8938882676369616e-05
1,100,3.6704162007277215e-05
1,102,0.0030048473963290943
1,104,0.00010521859775419467
1,105,0.00026916385472003287
1,106,0.00010521859775419467
1,107,0.00041842744688296024
1,108,0.0001150063742894686
1,109,0.0003572538435374982
1,110,0.00021533108377602632
1,111,9.787776535273923e-06
1,112,0.0005921604803840724
1,113,0.0007120607429411779
1,114,0.0006043952010531648
1,115,3.425721787345873e-05
1,116,2.936332960582177e-05
1,117,0.00021043719550838935
1,118,0.00020554330724075238
1,119,3.9151106141095694e-05
1,120,0.00018352081003638606
1,121,7.096137988073594e-05
1,122,0.0001296880390923795
1,123,0.0001786269217687491
1,124,0.0001517105362967458
1,125,8.564304468364683e-05
1,126,5.872665921164354e-05
1,127,4.404499440873265e-05
1,128,2.2022497204366326e-05
1,129,8.80899888174653e-05
1,130,1.2234720669092404e-05
1,131,3.9151106141095694e-05
2,2,0.9057450628366248
2,3,0.0008976660682226212
2,6,0.0008976660682226212
2,9,0.002244165170556553
2,11,0.0011220825852782765
2,13,0.0008976660682226212
2,14,0.0008976660682226212
2,21,0.0008976660682226212
2,26,0.0031418312387791743
2,32,0.0011220825852782765
2,35,0.0017953321364452424
2,36,0.0011220825852782765
2,37,0.004263913824057451
2,38,0.004263913824057451
2,42,0.0015709156193895871
2,47,0.008752244165170557
2,48,0.0013464991023339318
2,49,0.0013464991023339318
2,50,0.0015709156193895871
2,51,0.0011220825852782765
2,53,0.0011220825852782765
2,55,0.004263913824057451
2,57,0.0011220825852782765
2,59,0.0008976660682226212
2,61,0.0031418312387791743
2,63,0.002468581687612208
2,64,0.0033662477558348293
2,72,0.0017953321364452424
2,77,0.002244165170556553
2,79,0.0013464991023339318
2,81,0.0011220825852782765
2,85,0.003590664272890485
2,102,0.00763016157989228
2,112,0.0008976660682226212
2,113,0.002244165170556553
2,114,0.0013464991023339318
2,118,0.0008976660682226212
3,3,0.9569849478884429
3,4,2.6305682553545218e-05
3,5,0.00015257295881056227
3,6,0.0004208909208567235
3,7,0.00010522273021418087
3,8,6.313363812850852e-05
3,9,0.0003261904636639607
3,10,0.0002998847811104155
3,11,0.0002051843239176527
3,12,0.00021044546042836175
3,13,0.00013678954927843514
3,14,0.0004471966034102687
3,15,6.313363812850852e-05
3,16,0.00013678954927843514
3,17,0.00011048386672488992
3,18,7.891704766063565e-05
3,19,4.735022859638139e-05
3,20,4.208909208567235e-05
3,21,0.0009259600258847917
3,22,3.156681906425426e-05
3,23,0.00040510751132459636
3,24,7.891704766063565e-05
3,25,3.156681906425426e-05
3,26,0.00038932410179246923
3,27,0.0007523425210313932
3,28,0.0006576420638386304
3,29,0.0008154761591599017
3,30,9.996159370347183e-05
3,31,7.891704766063565e-05
3,32,0.0007102534289457208
3,33,0.00016309523183198035
3,34,0.00042615205736743254
3,35,0.0006471197908172123
3,36,0.0002998847811104155
3,37,0.00121006139746308
3,38,0.0009575268449490459
3,39,0.000489285695495941
3,40,5.787250161779948e-05
3,41,0.0010364438926096814
3,42,0.00428782625622787
3,43,0.000847042978224156
3,46,0.00019992318740694366
3,47,0.0009049154798419555
3,48,4.208909208567235e-05
3,49,0.0011153609402703173
3,50,0.0014047234483593146
3,51,0.0010417050291203905
3,52,0.0011574500323559896
3,53,0.0006208141082636672
3,55,0.0010206604830775544
3,57,0.001446812540444987
3,58,5.787250161779948e-05
3,59,8.41781841713447e-05
3,61,0.0009154377528633736
3,63,0.001588863226234131
3,64,0.0010469661656310996
3,69,5.2611365107090437e-05
3,71,4.735022859638139e-05
3,72,0.002067626648708654
3,73,0.00018940091438552557
3,74,5.787250161779948e-05
3,75,5.787250161779948e-05
3,76,2.1044546042836175e-05
3,77,0.0008628263877562832
3,79,6.839477463921757e-05
3,81,0.002793663487186502
3,82,6.313363812850852e-05
3,83,7.365591114992661e-05
3,84,0.00029462364459970644
3,85,0.0017414361850446934
3,88,4.208909208567235e-05
3,89,0.00012626727625701705
3,92,0.0010469661656310996
3,98,2.6305682553545218e-05
3,100,5.2611365107090437e-05
3,106,0.0015415129976377496
3,107,3.156681906425426e-05
3,109,4.208909208567235e-05
3,110,5.2611365107090437e-05
3,113,8.943932068205374e-05
3,114,6.839477463921757e-05
3,118,2.1044546042836175e-05
3,119,0.000242012279492616
3,120,3.6827955574963306e-05
3,122,2.6305682553545218e-05
3,124,2.1044546042836175e-05
4,4,0.9422527668689754
4,5,0.00044626918957515175
4,12,0.0009817922170653338
4,14,0.0005355230274901821
4,16,0.0006247768654052124
4,17,0.002231345947875759
4,23,0.0005355230274901821
4,26,0.0008032845412352731
4,27,0.0026776151374509104
4,28,0.0008032845412352731
4,29,0.0003570153516601214
4,33,0.0008032845412352731
4,35,0.00044626918957515175
4,36,0.00044626918957515175
4,37,0.0019635844341306676
4,38,0.0016065690824705462
4,41,0.006961799357372367
4,43,0.001785076758300607
4,46,0.0003570153516601214
4,47,0.0007140307033202428
4,49,0.0018743305962156372
4,50,0.0008925383791503035
4,52,0.0018743305962156372
4,53,0.0030346304891110316
4,57,0.0003570153516601214
4,59,0.0013388075687254552
4,61,0.0003570153516601214
4,63,0.0008032845412352731
4,64,0.006872545519457336
4,69,0.0009817922170653338
4,71,0.0006247768654052124
4,72,0.004016422706176365
4,77,0.00258836129953588
4,79,0.0003570153516601214
4,81,0.0008925383791503035
4,85,0.0009817922170653338
4,92,0.0018743305962156372
5,5,0.9571058881917118
5,6,0.0003190471126236308
5,8,0.0002126980750824205
5,9,0.0005317451877060512
5,10,0.0002481477542628239
5,11,0.00035449679180403417
5,12,0.0008862419795100854
5,13,0.00017724839590201708
5,14,0.0006380942252472616
5,16,0.0007089935836080683
5,17,0.00014179871672161367
5,23,0.0006380942252472616
5,25,0.0003899464709844376
5,26,0.0005317451877060512
5,27,0.00028359743344322734
5,28,0.0017724839590201708
5,29,0.0003190471126236308
5,30,0.00014179871672161367
5,32,0.00017724839590201708
5,33,0.0006380942252472616
5,34,0.0002481477542628239
5,35,0.0003899464709844376
5,36,0.0009571413378708923
5,37,0.002233329788365415
5,38,0.0011698394129533128
5,39,0.0005317451877060512
5,41,0.0005317451877060512
5,42,0.001098940054592506
5,43,0.0009925910170512956
5,46,0.00017724839590201708
5,47,0.0009571413378708923
5,49,0.0015597858839377504
5,50,0.0009571413378708923
5,51,0.0006380942252472616
5,52,0.0010634903754121025
5,53,0.0018788329965613811
5,55,0.0018079336382005743
5,57,0.0003899464709844376
5,59,0.0005671948668864547
5,61,0.000425396150164841
5,63,0.0013116381296749263
5,64,0.0011343897337729094
5,72,0.0016306852422985573
5,77,0.0017724839590201708
5,79,0.0002126980750824205
5,80,0.0002126980750824205
5,81,0.0013470878088553298
5,84,0.00035449679180403417
5,85,0.001949732354922188
5,92,0.001098940054592506
5,99,0.0002126980750824205
5,102,0.0012407387713141197
5,107,0.00014179871672161367
5,112,0.00014179871672161367
5,113,0.0002126980750824205
5,114,0.00017724839590201708
5,118,0.00014179871672161367
6,6,0.9057791025004139
6,7,7.359570201100255e-05
6,8,0.00012879247851925446
6,9,0.002704642048904344
6,10,0.0006991591691045243
6,11,0.0013983183382090486
6,12,0.00034957958455226215
6,13,0.0002391860315357583
6,14,0.0017111000717558095
6,15,0.0006255634670935217
6,16,0.00020238818053025704
6,17,0.0004047763610605141
6,18,0.00011039355301650383
6,19,0.00011039355301650383
6,20,0.0001839892550275064
6,21,0.00011039355301650383
6,22,9.19946275137532e-05
6,23,0.0005151699140770179
6,24,0.00045997313756876597
6,25,7.359570201100255e-05
6,26,0.002759838825412596
6,27,0.0007359570201100256
6,28,0.0010303398281540357
6,29,0.0002943828080440102
6,30,7.359570201100255e-05
6,32,0.0009383452006402826
6,33,0.00020238818053025704
6,34,0.0004415742120660153
6,35,0.0014903129657228018
6,36,0.0006439623925962724
6,37,0.004636529226693161
6,38,0.0035693915475336242
6,39,0.0006255634670935217
6,41,0.0005887656160880204
6,42,0.0017111000717558095
6,43,0.002539051719379588
6,44,0.00027598388254125957
6,45,0.00016559032952475575
6,46,0.00027598388254125957
6,47,0.005354087321300436
6,48,0.0011959301576787915
6,49,0.001582307593236555
6,50,0.0020054828797998196
6,51,0.0011407333811705397
6,52,0.0007911537966182775
6,53,0.0008279516476237788
6,55,0.005869257235377454
6,56,9.19946275137532e-05
6,57,0.0008831484241320307
6,59,0.0013431215617007966
6,60,0.0001471914040220051
6,61,0.0012879247851925449
6,62,7.359570201100255e-05
6,63,0.001931887177788817
6,64,0.0027966366764180972
6,66,0.00016559032952475575
6,67,0.0002391860315357583
6,68,7.359570201100255e-05
6,70,0.0004415742120660153
6,71,0.00012879247851925446
6,72,0.0032382108884841127
6,74,0.0003311806590495115
6,76,0.00020238818053025704
6,77,0.002851833452926349
6,79,0.0003679785100550128
6,81,0.001122334455667789
6,84,0.00016559032952475575
6,85,0.0032198119629813617
6,86,0.0001471914040220051
6,88,7.359570201100255e-05
6,89,0.00020238818053025704
6,92,0.0006439623925962724
6,112,0.011057754227153134
6,119,0.0012511269341870435
6,120,0.0032198119629813617
6,121,0.0012143290831815423
6,122,0.0003679785100550128
6,123,0.0003311806590495115
6,126,0.0008095527221210282
6,127,0.0008647494986292801
6,128,7.359570201100255e-05
6,129,0.00038637743555776344
7,7,0.9333929369691552
7,9,0.000894054537326777
7,10,0.0004470272686633885
7,11,0.0005364327223960661
7,14,0.0005364327223960661
7,21,0.001698703620920876
7,22,0.0004470272686633885
7,23,0.0006258381761287438
7,26,0.0009834599910594547
7,27,0.0009834599910594547
7,28,0.00116227089852481
7,32,0.0013410818059901655
7,35,0.0006258381761287438
7,37,0.002235136343316942
7,38,0.0009834599910594547
7,39,0.0005364327223960661
7,42,0.001430487259722843
7,43,0.0007152436298614215
7,47,0.0021457308895842645
7,48,0.0005364327223960661
7,49,0.001430487259722843
7,50,0.0018775145283862315
7,51,0.003576218149307108
7,52,0.0006258381761287438
7,53,0.0003576218149307108
7,55,0.009834599910594547
7,57,0.0006258381761287438
7,59,0.0008046490835940993
7,61,0.0010728654447921323
7,63,0.00232454179704962
7,64,0.0007152436298614215
7,72,0.002235136343316942
7,74,0.0010728654447921323
7,77,0.0008046490835940993
7,81,0.005096110862762629
7,84,0.0006258381761287438
7,85,0.002860974519445686
7,92,0.0010728654447921323
7,102,0.003397407241841752
7,109,0.0008046490835940993
7,112,0.0004470272686633885
7,114,0.0004470272686633885
8,8,0.9405737704918032
8,9,0.0009836065573770492
8,11,0.000819672131147541
8,12,0.0014754098360655738
8,14,0.0009836065573770492
8,16,0.0009836065573770492
8,24,0.0004098360655737705
8,25,0.0007377049180327869
8,26,0.0006557377049180328
8,27,0.0004098360655737705
8,28,0.0029508196721311475
8,32,0.0005737704918032787
8,33,0.0013114754098360656
8,35,0.0004098360655737705
8,36,0.0020491803278688526
8,37,0.0040163934426229505
8,38,0.0012295081967213116
8,41,0.0004918032786885246
8,42,0.0013114754098360656
8,43,0.001639344262295082
8,47,0.0018032786885245902
8,48,0.0004918032786885246
8,49,0.0011475409836065574
8,50,0.0013114754098360656
8,51,0.0009016393442622951
8,52,0.0006557377049180328
8,53,0.003934426229508197
8,55,0.0029508196721311475
8,57,0.000819672131147541
8,59,0.0004098360655737705
8,61,0.0007377049180327869
8,63,0.0009836065573770492
8,64,0.0018852459016393444
8,70,0.0004918032786885246
8,72,0.002540983606557377
8,77,0.002377049180327869
8,79,0.0005737704918032787
8,81,0.0012295081967213116
8,85,0.0022131147540983605
8,92,0.0013114754098360656
8,102,0.0018852459016393444
8,109,0.0003278688524590164
9,9,0.9105119139123751
9,10,0.0001352805534204458
9,11,0.0014450422751729438
9,12,7.378939277478863e-05
9,13,0.00037509607993850883
9,14,0.0010883935434281321
9,15,0.00015987701767870868
9,16,0.00011068408916218294
9,17,7.993850883935434e-05
9,20,0.00014142966948501153
9,21,7.378939277478863e-05
9,22,2.4596464258262875e-05
9,23,0.00022751729438893158
9,24,0.0002521137586471945
9,25,0.00010453497309761721
9,26,0.005312836279784781
9,27,0.00034435049961568026
9,28,0.0014757878554957724
9,29,7.993850883935434e-05
9,30,3.689469638739431e-05
9,31,6.149116064565719e-05
9,32,0.00023981552651806303
9,33,0.00031360491929285163
9,34,0.00031975403535741735
9,35,0.001900076863950807
9,36,0.000393543428132206
9,37,0.004126056879323597
9,38,0.00213989239046887
9,39,0.0005841660261337433
9,40,3.0745580322828594e-05
9,41,0.0003689469638739431
9,42,0.0012851652574942351
9,43,0.0006026133743274405
9,44,8.608762490392006e-05
9,45,3.0745580322828594e-05
9,46,0.0001352805534204458
9,48,0.013337432744043044
9,49,0.0014511913912375095
9,50,0.0021706379707916988
9,51,0.0013159108378170638
9,52,0.00041813989239046886
9,53,0.00022136817832436588
9,55,0.005491160645657187
9,56,0.00010453497309761721
9,57,0.0012175249807840124
9,58,9.223674096848578e-05
9,59,0.0012913143735588009
9,60,0.0001660261337432744
9,61,0.0012790161414296694
9,63,0.0025457340507302074
9,64,0.001377401998462721
9,66,7.378939277478863e-05
9,67,0.00012298232129131438
9,68,0.00010453497309761721
9,70,7.993850883935434e-05
9,71,8.608762490392006e-05
9,72,0.0026810146041506533
9,73,9.223674096848578e-05
9,74,0.00031975403535741735
9,75,7.378939277478863e-05
9,76,0.00015987701767870868
9,77,0.0009100691775557263
9,79,0.0002336664104534973
9,81,0.0006764027671022291
9,82,5.534204458109147e-05
9,84,0.00011068408916218294
9,85,0.0038923904688700998
9,86,0.00014757878554957725
9,87,5.534204458109147e-05
9,88,6.76402767102229e-05
9,89,0.00024596464258262875
9,90,5.534204458109147e-05
9,92,0.00039969254419677173
9,105,0.007864719446579554
9,106,0.00022751729438893158
9,107,0.0006702536510376633
9,108,0.00014757878554957725
9,109,0.00039969254419677173
9,110,0.0003259031514219831
9,112,0.0017156033820138355
9,118,0.0051529592621060724
9,119,0.0001352805534204458
9,124,0.0018078401229823214
9,125,0.0009346656418139892
9,126,0.0012175249807840124
9,127,0.0007686395080707148
9,128,0.0004304381245196003
9,129,0.0002521137586471945
9,131,3.689469638739431e-05
10,10,0.9324191968658179
10,11,0.000652954619653934
10,12,0.0005223636957231473
10,14,0.002089454782892589
10,15,0.0002611818478615736
10,16,0.0005223636957231473
10,21,0.000652954619653934
10,23,0.0008488410055501142
10,24,0.0007182500816193274
10,26,0.0015670910871694416
10,27,0.0005223636957231473
10,28,0.0009794319294809011
10,29,0.0002611818478615736
10,32,0.0002611818478615736
10,33,0.000652954619653934
10,34,0.000326477309826967
10,35,0.0014365001632386549
10,36,0.00045706823375775386
10,37,0.0031994776363042767
10,38,0.0025465230166503428
10,39,0.0003917727717923604
10,41,0.0009141364675155077
10,42,0.0009794319294809011
10,43,0.0023506366307541626
10,46,0.000652954619653934
10,47,0.0030035912504080965
10,48,0.0007182500816193274
10,49,0.0012406137773424747
10,50,0.0018282729350310154
10,51,0.0014365001632386549
10,52,0.000652954619653934
10,53,0.001110022853411688
10,55,0.0039177277179236044
10,57,0.0008488410055501142
10,59,0.0003917727717923604
10,61,0.0013712047012732615
10,63,0.0021547502448579824
10,64,0.0016976820111002284
10,72,0.0034606594841658507
10,74,0.0002611818478615736
10,77,0.0018282729350310154
10,79,0.000326477309826967
10,81,0.002089454782892589
10,85,0.0026771139405811295
10,86,0.000326477309826967
10,89,0.000326477309826967
10,92,0.0009141364675155077
10,102,0.002285341168788769
10,107,0.0005223636957231473
10,109,0.0002611818478615736
10,112,0.001762977473065622
10,113,0.0003917727717923604
10,114,0.00045706823375775386
10,117,0.0002611818478615736
10,119,0.000326477309826967
10,121,0.0002611818478615736
10,123,0.000326477309826967
10,127,0.0002611818478615736
11,11,0.9184023714798346
11,12,0.00013001534181033363
11,13,0.00027736606252871173
11,14,0.0011354673184769137
11,15,0.00016468609962642258
11,16,6.934151563217793e-05
11,17,3.4670757816088966e-05
11,19,6.934151563217793e-05
11,20,0.0002080245468965338
11,21,4.3338447270111204e-05
11,23,0.000251362994166645
11,24,0.00039004602543100085
11,25,8.667689454022241e-05
11,26,0.0035624203656031412
11,27,0.0007627566719539573
11,28,0.0010574581133907135
11,29,0.0001040122734482669
11,31,6.934151563217793e-05
11,32,0.0003380398887068674
11,33,0.00022535992580457827
11,34,0.0003380398887068674
11,35,0.0014561718282757364
11,36,0.0003987137148850231
11,37,0.005113936777873122
11,38,0.004585207721177766
11,39,0.0003380398887068674
11,40,5.200613672413345e-05
11,41,0.00045071985160915654
11,42,0.0010314550450286467
11,43,0.0005373967461493789
11,44,8.667689454022241e-05
11,46,0.00018202147853446705
11,47,0.005868025760373058
11,48,0.001724870201350426
11,49,0.006076050307269591
11,50,0.0012828180391952918
11,51,0.001187473455201047
11,52,0.0005113936777873122
11,53,0.0002947014414367562
11,55,0.0051832782935053
11,56,8.667689454022241e-05
11,57,0.0009881165977585354
11,58,9.534458399424466e-05
11,59,0.0010574581133907135
11,60,0.00024269530471262275
11,61,0.0011961411446550693
11,63,0.00150817796499987
11,64,0.0018635532326147818
11,65,3.4670757816088966e-05
11,66,0.00018202147853446705
11,67,0.00019068916798848932
11,68,7.800920508620017e-05
11,69,4.3338447270111204e-05
11,70,0.00013868303126435586
11,71,0.00012134765235631137
11,72,0.002799663693649184
11,73,4.3338447270111204e-05
11,74,0.0003987137148850231
11,75,7.800920508620017e-05
11,76,0.00024269530471262275
11,77,0.0012048088341090916
11,79,0.0004247167832470898
11,81,0.0006154059512355791
11,84,5.200613672413345e-05
11,85,0.0026696483518388503
11,86,0.0001473507207183781
11,88,5.200613672413345e-05
11,89,0.0001040122734482669
11,90,6.067382617815569e-05
11,92,0.0003640429570689341
11,107,0.008260308049683196
11,108,0.00012134765235631137
11,109,0.0006240736406896014
11,110,0.0003640429570689341
11,112,0.001577519480632048
11,117,0.0028516698303733172
11,118,0.0006240736406896014
11,119,3.4670757816088966e-05
11,120,0.0005980705723275347
11,123,0.0024182853576722053
11,126,0.00011267996290228914
11,128,0.0008147628086780907
11,129,0.00015601841017240034
12,12,0.9562296222528409
12,13,5.456802586524426e-05
12,14,0.00047064922308773173
12,15,2.728401293262213e-05
12,16,0.0018348498697188383
12,17,9.549404526417746e-05
12,18,6.821003233155532e-05
12,19,8.867304203102193e-05
12,21,9.549404526417746e-05
12,22,7.503103556471085e-05
12,23,0.0005661432683519092
12,24,0.00010231504849733299
12,25,0.00042290220045564304
12,26,0.0006138902909839979
12,27,0.00019780909376151045
12,28,0.0018484918761851492
12,29,0.00015688307436257723
12,30,4.774702263208873e-05
12,31,5.456802586524426e-05
12,32,6.821003233155532e-05
12,33,0.0020735849828792817
12,34,0.00010231504849733299
12,35,0.00038197618105670984
12,36,0.00042972320368879854
12,37,0.00409260193989332
12,38,0.00102315048497333
12,39,0.00011595705496364406
12,41,0.0003751551778235543
12,42,0.0002591981228599102
12,43,0.0010845395140717297
12,46,0.0004024391907561764
12,47,0.0005456802586524426
12,48,3.410501616577766e-05
12,49,0.0009822244655743966
12,50,0.000743489352413953
12,51,0.00045018621338826516
12,52,0.0013232746272321733
12,53,0.0064185640423993565
12,54,0.0004160811972224875
12,55,0.00042972320368879854
12,57,0.0004638282198545762
12,59,0.0008253413912118194
12,61,0.0004842912295540428
12,63,0.0004160811972224875
12,64,0.0006070692877508424
12,71,4.092601939893319e-05
12,72,0.0017529978309209718
12,76,2.728401293262213e-05
12,77,0.0038129408073339427
12,78,0.00010913605173048852
12,79,0.001111823527004352
12,80,0.00045018621338826516
12,81,0.00032058715195831003
12,84,4.092601939893319e-05
12,85,0.001180033559335907
12,89,2.728401293262213e-05
12,92,0.0020258379602471933
12,95,3.410501616577766e-05
12,96,3.410501616577766e-05
12,98,0.00011595705496364406
12,99,0.00030694514549199896
12,100,0.00016370407759573277
12,101,5.456802586524426e-05
12,102,0.0002523771196267547
12,105,2.728401293262213e-05
12,112,4.092601939893319e-05
12,113,4.774702263208873e-05
12,118,3.410501616577766e-05
13,13,0.9381078691423519
13,14,0.0007304040287548534
13,16,0.0006919617114519663
13,17,0.00026909622112020914
13,20,0.0002306539038173221
13,23,0.00034598085572598315
13,24,0.0004997501249375312
13,26,0.001922115865144351
13,27,0.0010379425671779494
13,28,0.0004613078076346442
13,29,0.00034598085572598315
13,31,0.0004228654903317572
13,32,0.00030753853842309614
13,34,0.0002306539038173221
13,35,0.0014608080575097067
13,36,0.0001922115865144351
13,37,0.002460308307384769
13,38,0.002537192941990543
13,39,0.0005766347595433052
13,41,0.0008072886633606274
13,42,0.0013070387882981587
13,43,0.0007304040287548534
13,46,0.0003844231730288702
13,47,0.0033444816053511705
13,48,0.0007688463460577404
13,49,0.001922115865144351
13,50,0.001999000499750125
13,51,0.0011532695190866105
13,52,0.0007304040287548534
13,53,0.0004228654903317572
13,55,0.004574635759043555
13,57,0.0009226156152692884
13,59,0.0006919617114519663
13,61,0.0011148272017837235
13,63,0.002114327451658786
13,64,0.0011148272017837235
13,71,0.0002306539038173221
13,72,0.002306539038173221
13,74,0.0003844231730288702
13,77,0.0009226156152692884
13,79,0.00026909622112020914
13,81,0.0015761350094183678
13,82,0.00015376926921154807
13,84,0.0001922115865144351
13,85,0.0038826740475915887
13,89,0.0001922115865144351
13,92,0.0006535193941490793
13,102,0.004267097220620459
13,105,0.00034598085572598315
13,107,0.0009226156152692884
13,108,0.00015376926921154807
13,109,0.0004228654903317572
13,110,0.0002306539038173221
13,112,0.0006535193941490793
13,113,0.0006535193941490793
13,114,0.0005381924422404183
13,117,0.00030753853842309614
13,118,0.0006535193941490793
13,120,0.00015376926921154807
13,123,0.0001922115865144351
13,124,0.0001922115865144351
13,126,0.0002306539038173221
14,14,0.9262063787925857
14,15,0.00011649580615097856
14,16,0.0003883193538365952
14,17,0.00024593559076317695
14,19,7.766387076731904e-05
14,20,0.00016827171999585794
14,21,0.00015532774153463808
14,23,0.0007636947292119706
14,24,0.0005565910738324531
14,25,0.00016827171999585794
14,26,0.0016568292430361397
14,27,0.0005177591384487936
14,28,0.0013461737599668635
14,29,0.00014238376307341825
14,31,7.766387076731904e-05
14,32,0.00029771150460805633
14,33,0.0005436470953712333
14,34,0.0002588795692243968
14,35,0.0011908460184322253
14,36,0.00040126333229781503
14,37,0.0048281039660350005
14,38,0.0041032411722066895
14,39,0.0005048151599875738
14,40,5.1775913844879365e-05
14,41,0.00042715128922025475
14,42,0.0012296779538158848
14,43,0.0016309412861137
14,44,0.00011649580615097856
14,46,0.0003365434399917159
14,47,0.00403852127990059
14,48,0.000893134513824169
14,49,0.0013073418245832039
14,50,0.0013979496738117428
14,51,0.0009449104276690484
14,52,0.0006342549445997722
14,53,0.0017992130061095578
14,54,5.1775913844879365e-05
14,55,0.007934658796727763
14,56,0.00015532774153463808
14,57,0.0012296779538158848
14,58,6.47198923060992e-05
14,59,0.0011649580615097856
14,60,0.00015532774153463808
14,61,0.002511131821476649
14,62,9.060784922853889e-05
14,63,0.0016956611784197991
14,64,0.0015532774153463808
14,66,7.766387076731904e-05
14,68,0.00016827171999585794
14,69,9.060784922853889e-05
14,70,0.00020710365537951746
14,71,9.060784922853889e-05
14,72,0.0030288909599254427
14,74,0.0007378067722895309
14,75,5.1775913844879365e-05
14,76,0.00014238376307341825
14,77,0.0018898208553380967
14,79,0.00046598322460391424
14,80,0.00010355182768975873
14,81,0.0007248627938283111
14,82,5.1775913844879365e-05
14,84,0.0001294397846121984
14,85,0.003818473646059853
14,86,0.00011649580615097856
14,88,5.1775913844879365e-05
14,89,0.00016827171999585794
14,92,0.0008413585999792896
14,98,5.1775913844879365e-05
14,99,6.47198923060992e-05
14,102,0.0030288909599254427
14,104,7.766387076731904e-05
14,105,0.00036243139691415554
14,106,0.0002588795692243968
14,107,0.0005177591384487936
14,108,6.47198923060992e-05
14,109,0.0003883193538365952
14,110,0.000323599461530496
14,112,0.0012555659107383245
14,113,0.0006083669876773325
14,114,0.0007248627938283111
14,115,6.47198923060992e-05
14,117,0.00023299161230195712
14,118,0.00024593559076317695
14,119,0.0002588795692243968
14,120,0.00042715128922025475
14,121,0.00015532774153463808
14,122,0.0001941596769182976
14,123,0.0002588795692243968
14,124,0.00018121569845707777
14,125,0.00011649580615097856
14,126,0.00016827171999585794
14,127,0.00014238376307341825
14,128,5.1775913844879365e-05
14,129,0.00014238376307341825
14,131,5.1775913844879365e-05
15,15,0.9342689092972861
15,16,0.00030956557630791457
15,19,0.0009286967289237436
15,20,0.00020637705087194304
15,23,0.00020637705087194304
15,24,0.00020637705087194304
15,26,0.00170261066969353
15,27,0.0004643483644618718
15,28,0.001289856567949644
15,32,0.0004643483644618718
15,33,0.001083479517077701
15,34,0.00020637705087194304
15,35,0.0009286967289237436
15,36,0.0004643483644618718
15,37,0.0029408729749251885
15,38,0.0020637705087194302
15,39,0.0003611598390259003
15,41,0.0005159426271798576
15,42,0.0009286967289237436
15,43,0.0006707254153338149
15,45,0.004591889381900732
15,46,0.00020637705087194304
15,47,0.004024352492002889
15,48,0.0007223196780518006
15,49,0.0015994221442575585
15,50,0.0008255082034877722
15,51,0.0012382623052316583
15,52,0.0004643483644618718
15,53,0.001083479517077701
15,54,0.00020637705087194304
15,55,0.005572180373542462
15,57,0.0009802909916417294
15,59,0.0007739139407697864
15,61,0.0010318852543597151
15,63,0.0018573934578474873
15,64,0.000877102466205758
15,72,0.001960581983283459
15,74,0.0003611598390259003
15,77,0.0011350737797956867
15,79,0.00020637705087194304
15,81,0.001083479517077701
15,85,0.004024352492002889
15,92,0.0004127541017438861
15,102,0.0033020328139510887
15,105,0.0004127541017438861
15,107,0.0007223196780518006
15,108,0.00030956557630791457
15,109,0.0005159426271798576
15,110,0.00030956557630791457
15,112,0.001289856567949644
15,113,0.0009802909916417294
15,114,0.0007739139407697864
15,117,0.0004643483644618718
15,118,0.0004127541017438861
15,119,0.00020637705087194304
15,120,0.0006191311526158291
15,121,0.00030956557630791457
15,122,0.00020637705087194304
15,123,0.0004643483644618718
15,124,0.0002579713135899288
15,125,0.0002579713135899288
16,16,0.9607503870321464
16,17,7.968308897186048e-05
16,19,0.00013659958109461798
16,21,6.829979054730899e-05
16,22,9.106638739641199e-05
16,23,0.0002845824606137875
16,24,4.553319369820599e-05
16,25,0.0003870321464347509
16,26,0.0005577816228030234
16,27,0.00019351607321737546
16,28,0.0015025953920407978
16,29,0.00013659958109461798
16,30,9.106638739641199e-05
16,31,0.0007968308897186049
16,32,9.106638739641199e-05
16,33,0.0011497131408797013
16,34,6.829979054730899e-05
16,35,0.00043256534013295695
16,36,0.0004097987432838539
16,37,0.0031645569620253164
16,38,0.0007626809944449504
16,39,9.106638739641199e-05
16,41,0.00027319916218923596
16,42,0.0003870321464347509
16,43,0.0010586467534832893
16,44,4.553319369820599e-05
16,46,0.0003870321464347509
16,47,0.0005805482196521264
16,48,5.691649212275749e-05
16,49,0.0011155632456060468
16,50,0.0007626809944449504
16,51,0.0004894818322557144
16,52,0.0010131135597850833
16,53,0.0061469811492578085
16,54,0.00015936617794372096
16,55,0.0005236317275293689
16,57,0.00039841544485930244
16,59,0.0010244968582096348
16,61,0.0004097987432838539
16,63,0.0006716146070485383
16,64,0.0005919315180766779
16,72,0.0014912120936162463
16,77,0.0029596575903833894
16,78,4.553319369820599e-05
16,79,0.0011269465440305983
16,80,0.00039841544485930244
16,81,0.00039841544485930244
16,84,7.968308897186048e-05
16,85,0.0015481285857390037
16,99,0.0028913577998360804
16,101,0.00020489937164192695
16,102,0.000500865130680266
16,105,5.691649212275749e-05
16,107,4.553319369820599e-05
16,110,4.553319369820599e-05
16,112,0.00011383298424551498
16,113,7.968308897186048e-05
16,114,5.691649212275749e-05
16,120,6.829979054730899e-05
17,17,0.93009791400596
17,21,0.00017028522775649213
17,23,0.0002554278416347382
17,24,0.0002270469703419895
17,26,0.0024123740598836385
17,27,0.006414076912161204
17,28,0.0010217113665389529
17,29,0.00036895132680573293
17,32,0.0006811409110259685
17,33,0.00017028522775649213
17,34,0.00014190435646374344
17,35,0.0013906626933446857
17,36,0.00034057045551298427
17,37,0.0032354193273733504
17,38,0.0020150418617851567
17,39,0.0001986660990492408
17,41,0.006697885625088691
17,42,0.0012487583368809422
17,43,0.0010500922378317015
17,46,0.0005108556832694764
17,47,0.001901518376614162
17,48,0.0004257130693912303
17,49,0.0015893287923939264
17,50,0.0013906626933446857
17,51,0.000454093940683979
17,52,0.0007379026536114659
17,53,0.0004824748119767277
17,55,0.0016744714062721727
17,57,0.0005676174258549738
17,59,0.0005108556832694764
17,61,0.0011352348517099475
17,63,0.0007662835249042146
17,64,0.01532567049808429
17,67,0.00017028522775649213
17,68,0.0002270469703419895
17,69,0.0009649496239534554
17,70,0.0002554278416347382
17,71,0.0007379026536114659
17,72,0.002923229743153115
17,74,0.0002270469703419895
17,76,0.00017028522775649213
17,77,0.0008230452674897119
17,79,0.00011352348517099475
17,81,0.0008230452674897119
17,84,0.00014190435646374344
17,85,0.0013339009507591882
17,92,0.0006527600397332198
17,102,0.0015893287923939264
17,106,0.0002838087129274869
17,107,0.00036895132680573293
17,112,0.000454093940683979
17,113,0.0002838087129274869
17,114,0.00011352348517099475
17,117,0.00011352348517099475
17,118,0.0002554278416347382
17,119,0.00011352348517099475
17,120,0.00014190435646374344
18,18,0.9590875445797725
18,21,0.0007401924500370096
18,23,0.0010766435636901958
18,27,0.0011439337864208332
18,28,0.0011439337864208332
18,29,0.0012785142318821076
18,32,0.0005383217818450979
18,34,0.00026916089092254896
18,35,0.0007401924500370096
18,36,0.0005383217818450979
18,37,0.0008747728954982841
18,38,0.0022205773501110288
18,39,0.0009420631182289214
18,41,0.0018841262364578427
18,42,0.0011439337864208332
18,43,0.0016149653455352936
18,46,0.0004037413363838234
18,47,0.0010093533409595585
18,48,0.00026916089092254896
18,49,0.001413094677343382
18,50,0.0015476751228046565
18,51,0.0012112240091514703
18,52,0.0009420631182289214
18,53,0.0006729022273063724
18,55,0.0006056120045757351
18,57,0.0003364511136531862
18,59,0.00026916089092254896
18,61,0.0007401924500370096
18,63,0.0011439337864208332
18,64,0.0024897382410335777
18,72,0.0017495457909965683
18,77,0.0013458044546127447
18,81,0.00316264046833995
18,83,0.00026916089092254896
18,85,0.0010766435636901958
18,92,0.0010093533409595585
18,102,0.0008074826727676468
19,19,0.9678130511463845
19,20,0.0003149407911312673
19,22,0.0005039052658100278
19,23,0.0003779289493575208
19,24,0.0002519526329050139
19,26,0.000692869740488788
19,27,0.0002519526329050139
19,28,0.0010078105316200555
19,29,0.0002519526329050139
19,32,0.0003779289493575208
19,35,0.0004409171075837742
19,36,0.0003779289493575208
19,37,0.0015747039556563366
19,38,0.0007558578987150416
19,41,0.0006298815822625346
19,42,0.000818846056941295
19,43,0.0008818342151675485
19,45,0.0003779289493575208
19,47,0.0006298815822625346
19,49,0.00163769211388259
19,50,0.0012597631645250692
19,51,0.001070798689846309
19,52,0.000818846056941295
19,53,0.0008818342151675485
19,55,0.0015747039556563366
19,57,0.0005668934240362812
19,59,0.0006298815822625346
19,61,0.000818846056941295
19,63,0.0007558578987150416
19,64,0.0014487276392038298
19,72,0.0011967750062988158
19,77,0.0011967750062988158
19,81,0.0008818342151675485
19,85,0.0015117157974300832
19,92,0.0003779289493575208
19,102,0.000818846056941295
19,107,0.0003779289493575208
20,20,0.9006511444356748
20,24,0.0003946329913180742
20,26,0.0015785319652722968
20,27,0.0004932912391475928
20,28,0.000887924230465667
20,35,0.0013812154696132596
20,37,0.005031570639305446
20,38,0.002663772691397001
20,41,0.0006906077348066298
20,42,0.001282557221783741
20,43,0.0003946329913180742
20,47,0.003058405682715075
20,48,0.0007892659826361484
20,49,0.0033543804262036307
20,50,0.0009865824782951855
20,51,0.009372533543804263
20,53,0.0005919494869771113
20,56,0.03206393054459353
20,57,0.001282557221783741
20,59,0.0007892659826361484
20,60,0.0003946329913180742
20,61,0.0031570639305445935
20,63,0.001775848460931334
20,64,0.0016771902131018153
20,72,0.002663772691397001
20,74,0.0022691397000789266
20,77,0.001973164956590371
20,79,0.0005919494869771113
20,81,0.0014798737174427782
20,85,0.002861089187056038
20,92,0.0004932912391475928
20,102,0.002170481452249408
20,105,0.0004932912391475928
20,109,0.001085240726124704
20,112,0.001085240726124704
20,113,0.001085240726124704
20,114,0.0005919494869771113
20,117,0.0004932912391475928
20,120,0.0003946329913180742
21,21,0.95843368813612
21,22,0.00010359205448942066
21,23,0.0003625721907129723
21,24,0.00018128609535648615
21,26,0.0006474503405588791
21,27,0.000621552326936524
21,28,0.0005179602724471033
21,29,0.000621552326936524
21,31,0.00012949006811177583
21,32,0.0008028384222930101
21,33,0.00018128609535648615
21,34,0.00018128609535648615
21,35,0.0006474503405588791
21,36,0.00025898013622355166
21,37,0.0011136145857612721
21,38,0.0010359205448942066
21,39,0.0003625721907129723
21,41,0.0008028384222930101
21,42,0.0016315748582083755
21,43,0.000932328490404786
21,46,0.0002330821226011965
21,47,0.001243104653873048
21,48,0.000155388081734131
21,49,0.0014761867764742445
21,50,0.00155388081734131
21,51,0.001890554994431927
21,52,0.001243104653873048
21,53,0.0003884702043353275
21,55,0.003263149716416751
21,57,0.0006733483541812343
21,59,0.00018128609535648615
21,61,0.0006992463678035895
21,63,0.0018387589671872168
21,64,0.00155388081734131
21,71,0.00012949006811177583
21,72,0.0019423510216766374
21,77,0.0008287364359153653
21,81,0.002641597389480227
21,82,0.00010359205448942066
21,84,0.000621552326936524
21,85,0.0025639033486131615
21,88,0.00010359205448942066
21,89,0.000155388081734131
21,92,0.0010618185585165617
21,102,0.0015020847900965996
21,106,0.00018128609535648615
21,107,0.00012949006811177583
21,112,0.00025898013622355166
21,113,0.0003884702043353275
21,118,0.00012949006811177583
22,22,0.9592765201952952
22,26,0.0006657789613848203
22,28,0.000887705281846427
22,30,0.0004438526409232135
22,32,0.0016644474034620505
22,35,0.0005548158011540169
22,37,0.0024411895250776743
22,38,0.0011096316023080338
22,39,0.0004438526409232135
22,41,0.0007767421216156236
22,42,0.0005548158011540169
22,43,0.000887705281846427
22,47,0.0012205947625388372
22,48,0.0006657789613848203
22,49,0.002108300044385264
22,50,0.000887705281846427
22,51,0.0018863737239236573
22,52,0.0004438526409232135
22,53,0.0013315579227696406
22,55,0.002330226364846871
22,57,0.0011096316023080338
22,61,0.0009986684420772304
22,63,0.0015534842432312472
22,64,0.0009986684420772304
22,72,0.0015534842432312472
22,77,0.0014425210830004438
22,81,0.0009986684420772304
22,85,0.001775410563692854
22,92,0.0007767421216156236
22,102,0.0014425210830004438
22,120,0.0004438526409232135
23,23,0.9368225871198363
23,24,0.0001720413663907633
23,25,0.0003249670254047751
23,26,0.0010131324909678282
23,27,0.0008602068319538165
23,28,0.0010704796130980828
23,29,0.0006308183434327987
23,32,0.0005352398065490414
23,33,0.0006690497581863017
23,34,0.00019115707376751476
23,35,0.000841091124577065
23,36,0.0005925869286792958
23,37,0.0030011660581499818
23,38,0.009175539540840709
23,40,0.00233211629996368
23,41,0.0009366696614608223
23,42,0.0012616366868655974
23,43,0.000802859709823562
23,46,0.0005161240991722899
23,47,0.0014336780532563608
23,48,0.0002293884885210177
23,49,0.0012234052721120945
23,50,0.0012998681016191003
23,51,0.0013763309311261064
23,52,0.0012616366868655974
23,53,0.0038996043048573014
23,55,0.004205455622885325
23,57,0.0008984382467073194
23,59,0.0011087110278515857
23,60,0.0001720413663907633
23,61,0.000764628295070059
23,63,0.0018542236155448932
23,64,0.0012616366868655974
23,67,0.00011469424426050886
23,69,0.00013380995163726035
23,71,0.00011469424426050886
23,72,0.0025041576663544433
23,73,7.64628295070059e-05
23,74,0.0003058513180280236
23,76,0.00011469424426050886
23,77,0.002236537763079923
23,79,0.0005543555139257928
23,80,0.00028673561065127215
23,81,0.0019306864450518992
23,82,0.00021027278114426625
23,83,7.64628295070059e-05
23,84,0.00013380995163726035
23,85,0.0021409592261961655
23,89,0.00011469424426050886
23,90,9.557853688375738e-05
23,92,0.0009749010762143253
23,102,0.001567488004893621
23,105,0.00013380995163726035
23,107,0.00019115707376751476
23,109,0.00011469424426050886
23,110,0.0001529256590140118
23,112,0.0005161240991722899
23,113,0.0002676199032745207
23,114,0.00019115707376751476
23,117,0.00011469424426050886
23,118,0.0001529256590140118
23,119,9.557853688375738e-05
23,120,0.0001529256590140118
23,122,7.64628295070059e-05
23,124,7.64628295070059e-05
23,129,0.0001529256590140118
24,24,0.9213483146067416
24,25,0.0001310315458446621
24,26,0.002227536279359256
24,27,0.0006223998427621449
24,28,0.0016378943230582763
24,30,0.00016378943230582762
24,32,0.00022930520522815867
24,33,0.00032757886461165525
24,34,0.00029482097815048975
24,35,0.0014413470042912832
24,36,0.00042585252399515185
24,37,0.0053067776067088155
24,38,0.005044714515019491
24,39,0.00029482097815048975
24,41,0.0005896419563009795
24,42,0.0012775575719854554
24,43,0.000687915615684476
24,46,0.00029482097815048975
24,47,0.005110230287941822
24,48,0.0010810102532184623
24,49,0.0019654731876699314
24,50,0.0023913257116650833
24,51,0.0016051364365971107
24,52,0.0012775575719854554
24,53,0.0007206735021456416
24,55,0.005568840698398139
24,56,0.00029482097815048975
24,57,0.0008189471615291381
24,58,0.00016378943230582762
24,59,0.00045861041045631735
24,61,0.001736167982441773
24,63,0.003177514986733056
24,64,0.0028171782356602353
24,66,0.0001310315458446621
24,68,0.00019654731876699315
24,69,0.0001310315458446621
24,70,0.00022930520522815867
24,71,0.0001310315458446621
24,72,0.0038326727159563663
24,74,0.0003930946375339863
24,76,0.0001310315458446621
24,77,0.001375831231368952
24,79,0.00029482097815048975
24,81,0.0008189471615291381
24,82,0.0001310315458446621
24,84,0.0001310315458446621
24,90,0.0070101877026894225
24,91,0.0003603367510728208
24,92,0.0008517050479903037
24,102,0.004061977921184525
24,104,0.0002620630916893242
24,105,0.0003930946375339863
24,107,0.0005896419563009795
24,108,0.00022930520522815867
24,109,0.0002620630916893242
24,110,0.00022930520522815867
24,112,0.0009172208209126347
24,113,0.0008844629344514691
24,114,0.0009827365938349657
24,117,0.0003930946375339863
24,118,0.00029482097815048975
24,120,0.000556884069839814
24,121,0.0001310315458446621
24,122,0.0002620630916893242
24,123,0.0002620630916893242
24,124,0.00019654731876699315
25,25,0.9544190665342602
25,26,0.0011916583912611719
25,28,0.0015888778550148957
25,33,0.0012909632571996028
25,34,0.00019860973187686197
25,35,0.0003475670307845084
25,36,0.00029791459781529296
25,37,0.003624627606752731
25,38,0.0019364448857994042
25,39,0.00029791459781529296
25,41,0.00029791459781529296
25,42,0.0005461767626613704
25,43,0.0009433962264150943
25,46,0.00039721946375372393
25,47,0.0014399205561072494
25,48,0.00044687189672293944
25,49,0.0016385302879841112
25,50,0.0007447864945382324
25,51,0.0004965243296921549
25,52,0.0009930486593843098
25,53,0.00506454816285998
25,54,0.00019860973187686197
25,55,0.0027805362462760674
25,57,0.0004965243296921549
25,59,0.0009433962264150943
25,61,0.0008440913604766633
25,63,0.0010923535253227407
25,64,0.00044687189672293944
25,72,0.002135054617676266
25,77,0.0029791459781529296
25,79,0.0011420059582919564
25,81,0.0006951340615690168
25,85,0.001737835153922542
25,92,0.0013406156901688182
25,99,0.00024826216484607745
25,102,0.0012909632571996028
25,105,0.00024826216484607745
25,107,0.00019860973187686197
25,112,0.00029791459781529296
25,113,0.00019860973187686197
25,114,0.00019860973187686197
26,26,0.919204441330243
26,27,0.0007006953053414543
26,28,0.0015938893209415496
26,29,0.0001231991745655304
26,30,3.07997936413826e-05
26,31,3.8499742051728256e-05
26,32,0.0008007946346759477
26,33,0.0006852954085207629
26,34,0.00020789860707933256
26,35,0.0017555882375588083
26,36,0.0005697961823655782
26,37,0.005366864042010919
26,38,0.00431967105820391
26,39,0.00040809726574831946
26,40,3.07997936413826e-05
26,41,0.0006621955632897259
26,42,0.0011857920551932302
26,43,0.0006698955117000716
26,44,0.0001231991745655304
26,46,0.0002463983491310608
26,47,0.004181071986817688
26,48,0.0039577734829176646
26,49,0.002517883130183028
26,50,0.0015784894241208584
26,51,0.0011780921067828846
26,52,0.0005697961823655782
26,53,0.0014321904043242911
26,54,0.00011549922615518476
26,55,0.006144558831455829
26,56,0.0001693988650276043
26,57,0.0011395923647311563
26,58,7.699948410345651e-05
26,59,0.0011087925710897737
26,60,0.00011549922615518476
26,61,0.0014013906106829085
26,62,3.8499742051728256e-05
26,66,0.00242548374925888
26,67,0.0019557868962277953
26,68,7.699948410345651e-05
26,69,6.15995872827652e-05
26,70,0.00036959752369659124
26,71,0.0001231991745655304
26,72,0.0036651754433245295
26,73,6.15995872827652e-05
26,74,0.0006082959244173064
26,75,0.00015399896820691303
26,76,0.0003387977300552086
26,79,0.0031415789514210256
26,80,6.15995872827652e-05
26,81,0.0006236958212379977
26,84,6.929953569311086e-05
26,86,0.003349477558500358
26,87,6.929953569311086e-05
26,88,4.6199690462073905e-05
26,89,0.00013089912297587606
26,90,0.0001077992777448391
26,92,0.0006775954601104172
26,98,3.07997936413826e-05
26,99,9.239938092414781e-05
26,100,5.389963887241955e-05
26,113,0.003919273740865936
26,115,0.00023099845231036952
26,116,0.00011549922615518476
26,117,0.0023869840072071515
26,118,0.0048971671889798335
26,120,0.0017093885470967345
26,122,0.0006621955632897259
26,123,0.0004388970593897021
26,125,0.0007622948926242194
26,126,0.001255091590886341
26,127,0.0002463983491310608
26,128,0.00022329850390002387
26,129,0.00018479876184829562
26,131,5.389963887241955e-05
27,27,0.9263927838330105
27,28,0.0012142588684263783
27,29,0.000534852120616381
27,30,8.673277631616989e-05
27,31,7.227731359680823e-05
27,32,0.0008962386886004221
27,33,0.00036138656798404115
27,34,0.000245742866229148
27,35,0.0012142588684263783
27,36,0.0005493075833357426
27,37,0.003888519471508283
27,38,0.0035994102171210502
27,39,0.00043366388158084943
27,41,0.00887565410968805
27,42,0.0019514874671138222
27,43,0.0009685160021972303
27,44,0.00010118823903553153
27,46,0.00043366388158084943
27,47,0.0023273294978172253
27,48,0.0004625748070195727
27,49,0.0025007950504495648
27,50,0.0015322790482523345
27,51,0.0011998034057070167
27,52,0.0008095059122842522
27,53,0.00036138656798404115
27,55,0.0031223799473821157
27,56,0.00014455462719361646
27,57,0.0007083176732487207
27,59,0.000491485732458296
27,60,7.227731359680823e-05
27,61,0.0010552487785134002
27,65,0.002688716065801266
27,66,0.00011564370175489317
27,71,0.01105842898031166
27,72,0.0034693110526467954
27,73,5.7821850877446586e-05
27,74,0.0002891092543872329
27,75,0.00010118823903553153
27,76,0.00017346555263233977
27,77,0.001272080719303825
27,79,0.0004047529561421261
27,81,0.0017780219144814826
27,82,8.673277631616989e-05
27,83,8.673277631616989e-05
27,84,0.0002891092543872329
27,85,0.0020815866315880773
27,86,0.00026019832894850966
27,88,5.7821850877446586e-05
27,89,0.00013009916447425483
27,90,7.227731359680823e-05
27,92,0.0009974269276359536
27,97,5.7821850877446586e-05
27,102,0.0023273294978172253
27,105,0.0002746537916678713
27,106,0.00026019832894850966
27,107,0.0005782185087744658
27,108,0.00011564370175489317
27,109,0.00013009916447425483
27,110,0.0001879210153517014
27,112,0.0005059411951776577
27,113,0.0008528723004423372
27,114,0.00021683194079042471
27,115,7.227731359680823e-05
27,117,0.0002891092543872329
27,118,0.0003758420307034028
27,119,8.673277631616989e-05
27,120,0.0004192084188614878
27,122,0.00015901008991297812
27,123,0.00021683194079042471
27,124,0.00011564370175489317
27,125,7.227731359680823e-05
27,126,0.00010118823903553153
27,128,5.7821850877446586e-05
28,28,0.9299361913541081
28,29,0.00023344626545833283
28,30,7.182962014102549e-05
28,31,5.9858016784187906e-05
28,32,0.00032921909231303347
28,33,0.0035256371885886676
28,34,0.0001975314553878201
28,35,0.0012151177407190145
28,36,0.0006045659695202979
28,37,0.012851516203565144
28,38,0.0025918521267553362
28,39,0.00023943206713675162
28,40,4.1900611748931536e-05
28,41,0.0007601968131591865
28,42,0.001059486897080126
28,43,0.0008679412433707246
28,44,3.5914810070512746e-05
28,45,2.3943206713675163e-05
28,46,0.0003352048939914523
28,47,0.004291819803426273
28,48,0.001346805377644228
28,49,0.001400677592749997
28,50,0.001280961559181621
28,51,0.001029557888688032
28,52,0.0008020974249081179
28,53,0.003753097652368582
28,54,0.00047886413427350325
28,55,0.003980558116148496
28,56,0.00011373023188995702
28,57,0.0008918844500843998
28,58,4.1900611748931536e-05
28,59,0.000885898648405981
28,60,6.58438184626067e-05
28,61,0.000999628880295938
28,62,3.5914810070512746e-05
28,63,0.0016161664531730735
28,65,6.58438184626067e-05
28,66,7.781542181944428e-05
28,68,0.002112987992481833
28,69,7.182962014102549e-05
28,70,0.0001316876369252134
28,71,0.0002454178688151704
28,72,0.0027594545737510624
28,73,6.58438184626067e-05
28,74,0.00031126168727777713
28,75,2.9929008392093953e-05
28,76,0.00020351725706623888
28,77,0.002136931199195508
28,78,8.380122349786307e-05
28,79,0.0008200548299433743
28,80,8.380122349786307e-05
28,81,0.0009277992601549126
28,84,5.9858016784187906e-05
28,85,0.00198130035555662
28,86,0.00014365924028205098
28,87,2.9929008392093953e-05
28,88,2.9929008392093953e-05
28,89,8.380122349786307e-05
28,90,0.00010774443021153823
28,91,2.9929008392093953e-05
28,96,0.0016640528666004239
28,98,6.58438184626067e-05
28,99,0.0003771055057403838
28,100,0.00010175862853311944
28,102,0.0022327040260502087
28,104,8.380122349786307e-05
28,105,0.0005207647460224347
28,106,0.00017957405035256372
28,107,0.00035316229902670863
28,108,7.182962014102549e-05
28,109,0.00022746046377991404
28,110,8.978702517628186e-05
28,112,0.0006165375728771354
28,113,0.000514778944344016
28,114,0.0003830913074188026
28,117,0.0002693610755288456
28,118,0.0003352048939914523
28,119,4.7886413427350326e-05
28,120,0.00023943206713675162
28,121,0.00010774443021153823
28,122,0.00015563084363888856
28,123,0.00010774443021153823
28,124,0.00016161664531730735
28,125,0.00010774443021153823
28,126,0.0001316876369252134
28,127,4.7886413427350326e-05
28,128,5.9858016784187906e-05
28,129,3.5914810070512746e-05
29,29,0.9533463689067271
29,30,0.0002401289835683167
29,32,0.0007889952317244692
29,33,0.00015436863229391788
29,34,0.00020582484305855717
29,35,0.0007718431614695894
29,36,0.0005660183184110322
29,37,0.0013550135501355014
29,38,0.0017666632362526157
29,39,0.0005660183184110322
29,40,6.860828101951906e-05
29,41,0.0012177969880964633
29,42,0.001732359095742856
29,43,0.0018352715172721347
29,46,0.0002401289835683167
29,47,0.0008404514424891085
29,48,0.00010291242152927858
29,49,0.00145792597166478
29,50,0.0019210318685465337
29,51,0.002452746046447806
29,52,0.0014750780419196597
29,53,0.0005317141779012727
29,55,0.0018009673767623753
29,57,0.0004631058968817536
29,61,0.000943363864018387
29,63,0.0022983774141538886
29,64,0.0018352715172721347
29,67,6.860828101951906e-05
29,69,0.00022297691331343692
29,71,0.00020582484305855717
29,72,0.003053068505368598
29,74,6.860828101951906e-05
29,76,6.860828101951906e-05
29,77,0.0010291242152927857
29,79,0.00010291242152927858
29,83,0.007872800246989812
29,84,0.0007375390209598298
29,85,0.0018524235875270144
29,89,0.00012006449178415835
29,92,0.0006860828101951905
29,100,0.00010291242152927858
29,102,0.001080580426057425
29,105,0.00013721656203903812
29,106,0.00017152070254879763
29,107,8.576035127439882e-05
29,109,8.576035127439882e-05
29,112,6.860828101951906e-05
29,113,0.00018867277280367741
29,114,0.00012006449178415835
29,120,6.860828101951906e-05
29,122,6.860828101951906e-05
30,30,0.9534630067260498
30,33,0.0005453553899291038
30,34,0.0005453553899291038
30,35,0.0009089256498818396
30,37,0.0015451736047991274
30,38,0.0015451736047991274
30,39,0.0004544628249409198
30,41,0.0006362479549172878
30,42,0.0009089256498818396
30,43,0.004726413379385566
30,46,0.00036357025995273584
30,47,0.0017269587347754954
30,49,0.0014542810398109434
30,50,0.0016360661697873114
30,51,0.0017269587347754954
30,52,0.0010907107798582077
30,53,0.0012724959098345755
30,55,0.002726776949645519
30,57,0.0009089256498818396
30,59,0.0007271405199054717
30,61,0.0009089256498818396
30,63,0.0018178512997636793
30,64,0.0021814215597164154
30,72,0.0019996364297400473
30,77,0.0009089256498818396
30,81,0.0019087438647518633
30,85,0.002544991819669151
30,92,0.0007271405199054717
30,102,0.0013633884748227596
30,106,0.00036357025995273584
30,112,0.0004544628249409198
30,114,0.0005453553899291038
31,31,0.9497385931558935
31,32,0.0010693916349809886
31,35,0.0014258555133079848
31,37,0.002732889733840304
31,38,0.0026140684410646386
31,41,0.001188212927756654
31,42,0.0010693916349809886
31,43,0.0013070342205323193
31,47,0.0022576045627376424
31,48,0.0004752851711026616
31,49,0.0015446768060836502
31,50,0.0013070342205323193
31,51,0.0008317490494296577
31,52,0.0007129277566539924
31,53,0.001188212927756654
31,55,0.003921102661596958
31,57,0.0008317490494296577
31,59,0.0010693916349809886
31,61,0.0014258555133079848
31,63,0.0022576045627376424
31,64,0.001188212927756654
31,72,0.002732889733840304
31,77,0.0009505703422053232
31,79,0.0004752851711026616
31,81,0.0021387832699619773
31,85,0.002376425855513308
31,92,0.0004752851711026616
31,99,0.000594106463878327
31,102,0.0015446768060836502
31,107,0.0004752851711026616
31,113,0.0004752851711026616
31,117,0.000594106463878327
32,32,0.9462613049095607
32,33,0.00020187338501291988
32,34,0.00028262273901808783
32,35,0.0009084302325581395
32,36,0.00030281007751937984
32,37,0.0031694121447028425
32,38,0.0026041666666666665
32,39,0.00020187338501291988
32,41,0.0007671188630490956
32,42,0.0018774224806201551
32,43,0.0006459948320413437
32,46,0.00020187338501291988
32,47,0.003815406976744186
32,48,0.0006459948320413437
32,49,0.001897609819121447
32,50,0.001837047803617571
32,51,0.001917797157622739
32,52,0.0008276808785529716
32,53,0.00040374677002583977
32,55,0.004400839793281654
32,56,0.00014131136950904392
32,57,0.0007065568475452197
32,58,0.00010093669250645994
32,59,0.0003633720930232558
32,61,0.0012112403100775194
32,62,8.074935400516796e-05
32,63,0.001816860465116279
32,64,0.0009084302325581395
32,65,0.00012112403100775194
32,66,0.00014131136950904392
32,67,0.00012112403100775194
32,71,0.00024224806201550387
32,72,0.0025637919896640826
32,74,0.00030281007751937984
32,75,0.00010093669250645994
32,76,0.00010093669250645994
32,77,0.0009286175710594315
32,79,0.0003835594315245478
32,81,0.0027252906976744187
32,84,0.0005248708010335918
32,85,0.0027454780361757104
32,86,0.0003431847545219638
32,89,0.0001816860465116279
32,90,0.00012112403100775194
32,92,0.0008882428940568476
32,102,0.002079295865633075
32,105,0.00028262273901808783
32,106,0.0003835594315245478
32,107,0.0002624354005167959
32,109,0.00024224806201550387
32,110,0.00012112403100775194
32,112,0.0008074935400516795
32,113,0.0010497416020671835
32,114,0.0003633720930232558
32,115,8.074935400516796e-05
32,117,0.00048449612403100775
32,118,0.00024224806201550387
32,119,0.00010093669250645994
32,120,0.0004239341085271318
32,121,0.00012112403100775194
32,122,0.00010093669250645994
32,123,0.00030281007751937984
32,124,0.0002624354005167959
32,125,8.074935400516796e-05
32,126,0.0002220607235142119
32,128,8.074935400516796e-05
33,33,0.9526921387790953
33,34,0.00012296881862099255
33,35,0.0003864734299516908
33,36,0.00040404040404040404
33,37,0.010144927536231883
33,38,0.0014404918752744839
33,39,3.513394817742644e-05
33,41,0.00023715415019762845
33,42,0.0002459376372419851
33,43,0.0011769872639437857
33,46,0.0004303908651734739
33,47,0.0008695652173913044
33,48,0.00026350461133069827
33,49,0.0009398331137461572
33,50,0.0005709266578831796
33,51,0.00045674132630654367
33,52,0.0006499780412823891
33,54,0.010654369784804567
33,55,0.0009574000878348704
33,57,0.0008432147562582345
33,59,0.0008519982433025912
33,61,0.0003864734299516908
33,63,0.0005797101449275362
33,64,0.00023715415019762845
33,68,0.00014053579270970575
33,72,0.0019938515590689505
33,74,4.391743522178305e-05
33,76,4.391743522178305e-05
33,78,0.003592446201141853
33,79,0.0015195432586736935
33,80,0.0003952569169960474
33,81,0.00023715415019762845
33,85,0.0013790074659639877
33,86,8.78348704435661e-05
33,89,4.391743522178305e-05
33,92,0.0013702239789196312
33,96,0.0004830917874396135
33,98,0.0001756697408871322
33,99,0.0006851119894598156
33,100,0.00012296881862099255
33,101,7.905138339920949e-05
33,102,0.0005270092226613965
33,105,0.00011418533157663592
33,106,3.513394817742644e-05
33,107,9.66183574879227e-05
33,109,4.391743522178305e-05
33,110,3.513394817742644e-05
33,112,0.0001668862538427756
33,113,6.148440931049627e-05
33,114,0.00014053579270970575
33,117,4.391743522178305e-05
33,118,8.78348704435661e-05
33,120,5.270092226613966e-05
33,123,4.391743522178305e-05
33,124,3.513394817742644e-05
33,126,3.513394817742644e-05
34,34,0.9500831946755408
34,35,0.000987936772046589
34,36,0.00025998336106489183
34,37,0.0025998336106489183
34,38,0.0019238768718801997
34,39,0.0006499584026622296
34,41,0.0006239600665557404
34,42,0.0015858985024958402
34,43,0.0008319467554076539
34,46,0.0003379783693843594
34,47,0.00223585690515807
34,48,0.0004939683860232945
34,49,0.0019238768718801997
34,50,0.0022878535773710484
34,51,0.00127391846921797
34,52,0.0011439267886855242
34,53,0.00038997504159733775
34,55,0.0037437603993344427
34,56,0.00012999168053244592
34,57,0.0007539517470881863
34,59,0.0006759567387687189
34,61,0.001117928452579035
34,63,0.0029118136439267887
34,64,0.0014559068219633944
34,66,0.00012999168053244592
34,67,0.00025998336106489183
34,68,0.00010399334442595674
34,69,0.00010399334442595674
34,71,0.00010399334442595674
34,72,0.0020538685524126455
34,74,0.00023398502495840267
34,76,0.0001559900166389351
34,77,0.0008059484193011648
34,79,0.00010399334442595674
34,81,0.0019238768718801997
34,83,0.00012999168053244592
34,84,0.0003119800332778702
34,85,0.0036917637271214644
34,86,0.00012999168053244592
34,89,0.00038997504159733775
34,92,0.000701955074875208
34,102,0.002001871880199667
34,105,0.00038997504159733775
34,106,0.0001819883527454243
34,107,0.0004419717138103161
34,109,0.0003639767054908486
34,110,0.00025998336106489183
34,112,0.0005979617304492513
34,113,0.0007799500831946755
34,114,0.0003379783693843594
34,117,0.0003639767054908486
34,118,0.00038997504159733775
34,120,0.00038997504159733775
34,123,0.00020798668885191348
34,124,0.00012999168053244592
35,35,0.9264708186447317
35,36,0.0007128867998433216
35,37,0.0046846846846846845
35,38,0.0029768899334116725
35,39,0.0004151978065021543
35,40,6.267136701919311e-05
35,41,0.0011750881316098707
35,42,0.0030865648256952604
35,43,0.000846063454759107
35,44,0.00011750881316098707
35,46,0.0002663533098315707
35,47,0.004144144144144144
35,48,0.001417939678809244
35,49,0.002028985507246377
35,50,0.0020524872698785743
35,51,0.0015041128084606345
35,52,0.0009949079514296906
35,53,0.001417939678809244
35,54,0.00018801410105757932
35,55,0.005068546807677242
35,56,0.00017234625930278105
35,58,0.0019193106149627888
35,59,0.0010340775558166863
35,60,5.483744614179397e-05
35,62,0.0017861339600470036
35,63,0.0026165295730513124
35,64,0.0035801018409714063
35,65,3.1335683509596555e-05
35,66,0.00023501762632197415
35,67,0.00032119075597336464
35,68,0.00032902467685076383
35,69,0.00023501762632197415
35,70,0.0006658832745789268
35,71,0.0004308656482569526
35,76,0.0054524089306698005
35,77,0.0020759890325107717
35,78,6.267136701919311e-05
35,79,0.0007598903251077164
35,80,0.00014884449667058362
35,81,0.0013474343909126519
35,82,5.483744614179397e-05
35,83,7.050528789659224e-05
35,84,0.00019584802193497845
35,85,0.0033764198981590288
35,86,0.0002898550724637681
35,87,5.483744614179397e-05
35,88,0.00010184097140618879
35,89,0.00019584802193497845
35,90,0.0001410105757931845
35,92,0.0008068938503721112
35,93,3.1335683509596555e-05
35,99,4.700352526439483e-05
35,104,0.003501762632197415
35,105,0.0007207207207207207
35,106,0.00015667841754798275
35,107,0.000736388562475519
35,108,0.00013317665491578535
35,109,0.00038386212299255777
35,110,0.00019584802193497845
35,112,0.0009557383470426949
35,114,0.0005718762240501371
35,115,0.0009400705052878966
35,116,7.833920877399138e-05
35,117,0.0004700352526439483
35,118,0.000626713670191931
35,119,9.400705052878966e-05
35,120,0.0004151978065021543
35,121,8.617312965139052e-05
35,122,0.00021934978456717588
35,123,0.00029768899334116724
35,124,0.00019584802193497845
35,125,0.00021934978456717588
35,126,0.00018018018018018018
35,127,0.00010967489228358794
35,128,0.00012534273403838622
35,129,0.0001410105757931845
36,36,0.937032829037852
36,37,0.004086188682253982
36,38,0.0020729932827044588
36,39,0.0005381809483944269
36,40,0.00011959576630987264
36,41,0.0010962945245071658
36,42,0.002312184815324204
36,43,0.0012956208016902868
36,44,0.00011959576630987264
36,46,0.00037871992664793
36,47,0.002491578464789013
36,48,0.0005381809483944269
36,49,0.0016743407283382169
36,50,0.0013554186848452232
36,51,0.0011959576630987262
36,52,0.0014152165680001594
36,53,0.002092925910422771
36,54,7.973051087324842e-05
36,55,0.004185851820845542
36,56,0.00011959576630987264
36,57,0.0010564292690705417
36,58,0.00013952839402818474
36,59,0.0007175745978592358
36,61,0.0010763618967888538
36,62,9.966313859156052e-05
36,63,0.0020729932827044588
36,64,0.0013155534294085989
36,66,0.00011959576630987264
36,67,0.00015946102174649684
36,68,0.00013952839402818474
36,69,0.00011959576630987264
36,70,7.973051087324842e-05
36,71,0.00013952839402818474
36,72,0.009527796049353186
36,73,0.00011959576630987264
36,74,0.0003587872989296179
36,75,9.966313859156052e-05
36,76,0.000578046203831051
36,77,0.0037274013833243635
36,78,0.00011959576630987264
36,79,0.001156092407662102
36,80,0.00013952839402818474
36,81,0.0014750144511550957
36,82,7.973051087324842e-05
36,83,9.966313859156052e-05
36,84,0.00025912416033805735
36,85,0.002292252187605892
36,86,0.00029898941577468155
36,89,0.00011959576630987264
36,90,0.00011959576630987264
36,92,0.0010364966413522294
36,96,0.00015946102174649684
36,97,7.973051087324842e-05
36,99,0.00013952839402818474
36,100,9.966313859156052e-05
36,102,0.0015547449620283442
36,104,0.00013952839402818474
36,105,0.00029898941577468155
36,106,0.00013952839402818474
36,107,0.0003587872989296179
36,108,9.966313859156052e-05
36,109,0.00019932627718312104
36,110,0.00019932627718312104
36,112,0.0005979788315493631
36,113,0.0006179114592676753
36,114,0.00025912416033805735
36,117,0.00029898941577468155
36,118,0.00025912416033805735
36,119,9.966313859156052e-05
36,120,0.0003587872989296179
36,125,0.00021925890490143314
36,126,9.966313859156052e-05
37,37,0.9489576803888843
37,38,0.003131615979297098
37,39,0.00024166811415797542
37,40,2.7691138080601352e-05
37,41,0.0004984404854508243
37,42,0.0009289118137947181
37,43,0.0008307341424180405
37,44,9.314291899838637e-05
37,46,0.00032725890458892506
37,47,0.0043374391738978295
37,48,0.0015280473468113655
37,49,0.0014424565563804159
37,50,0.0011328192851155097
37,51,0.0008710121614443698
37,52,0.000750178104365382
37,53,0.002791770193762445
37,54,0.0011504409184395288
37,55,0.004971817973562515
37,56,0.0001661468284836081
37,57,0.0007401085996087997
37,58,9.062554280924079e-05
37,59,0.0008961859233358255
37,60,9.566029518753195e-05
37,61,0.0011076455232240541
37,62,6.0417028539493855e-05
37,63,0.0013770047754626308
37,64,0.0010119852280365221
37,65,4.531277140462039e-05
37,66,0.00014852519515958906
37,67,0.00011328192851155099
37,68,0.00043802345691133044
37,69,6.293440472863943e-05
37,70,0.0001661468284836081
37,71,0.0001888032141859183
37,72,0.00272631841284466
37,73,5.0347523782911545e-05
37,74,0.00030460251888661484
37,75,5.2864899972057124e-05
37,76,0.0002869808855625958
37,77,0.0020139009513164617
37,78,0.0002869808855625958
37,79,0.0009314291899838636
37,80,0.00016111207610531694
37,81,0.0006243092949081032
37,82,2.7691138080601352e-05
37,83,2.5173761891455773e-05
37,84,7.552128567436732e-05
37,85,0.0022354300559612726
37,86,0.0001888032141859183
37,87,3.2725890458892504e-05
37,88,7.80386618635129e-05
37,89,9.314291899838637e-05
37,90,0.00012083405707898771
37,91,1.0069504756582309e-05
37,92,0.0008231820138506038
37,95,1.2586880945727886e-05
37,96,0.0002668418760494312
37,98,6.0417028539493855e-05
37,99,0.0002894982617517414
37,100,5.2864899972057124e-05
37,101,4.783014759376597e-05
37,102,0.0019685881799118413
37,104,0.0001661468284836081
37,105,0.00039774543788500123
37,106,7.80386618635129e-05
37,107,0.00043802345691133044
37,108,8.307341424180405e-05
37,109,0.0002542549951037033
37,110,0.00017873370942933598
37,112,0.0006293440472863943
37,113,0.0005941007806383562
37,114,0.00045312771404620395
37,115,6.293440472863943e-05
37,116,1.2586880945727886e-05
37,117,0.0002995677665083237
37,118,0.0003473979141020897
37,119,6.0417028539493855e-05
37,120,0.0002668418760494312
37,121,8.307341424180405e-05
37,122,0.00018125108561848157
37,123,0.00017621633324019041
37,124,0.0001661468284836081
37,125,0.00010069504756582309
37,126,9.566029518753195e-05
37,127,7.300390948522175e-05
37,128,6.293440472863943e-05
37,129,0.00011831668088984213
37,131,1.762163332401904e-05
38,38,0.9414487884440711
38,39,0.000688550527888738
38,40,0.0002002168201662288
38,41,0.0008252839660510406
38,42,0.0015480178534803544
38,43,0.0008936506851321919
38,44,0.00011231675277617713
38,45,1.953334830890037e-05
38,46,0.00030276689878795573
38,47,0.005259354032171424
38,48,0.001377101055777476
38,49,0.0020754182578206644
38,50,0.001587084550098155
38,51,0.0012989676625418747
38,52,0.0009962007637539189
38,53,0.0009180673705183174
38,54,0.00010255007862172694
38,55,0.005313070740020901
38,56,0.00011720008985340221
38,57,0.0007227338874293137
38,58,0.00016115012354842807
38,60,0.0019728681791989374
38,61,0.0013038509996190998
38,62,0.00010255007862172694
38,63,0.0019093847971950113
38,64,0.001372217718700251
38,65,4.8833370772250926e-05
38,66,0.00022951684262957934
38,67,0.0001367334381623026
38,68,0.0001318501010850775
38,69,7.325005615837639e-05
38,70,0.00020510015724345388
38,71,0.00022463350555235425
38,72,0.00421920323472248
38,73,6.34833820039262e-05
38,74,0.0005225170672630849
38,75,7.813339323560148e-05
38,76,0.0004883337077225093
38,77,0.0018214847298049595
38,78,5.860004492670111e-05
38,79,0.0010401507974489447
38,80,3.906669661780074e-05
38,82,0.0020998349432067897
38,83,0.00015626678647120295
38,84,0.0001953334830890037
38,85,0.0025637519655431736
38,86,0.0004004336403324576
38,87,4.395003369502583e-05
38,88,6.83667190811513e-05
38,89,0.00014650011231675278
38,90,0.00019045014601177862
38,92,0.0007227338874293137
38,96,3.906669661780074e-05
38,99,2.9300022463350554e-05
38,100,4.395003369502583e-05
38,102,0.002778618796941078
38,104,0.00022951684262957934
38,105,0.0004541503481819336
38,106,0.00021975016847512917
38,107,0.0007032005391204133
38,108,0.00012208342693062732
38,109,0.0003369502583285314
38,110,0.0001953334830890037
38,112,0.0010255007862172694
38,113,0.001215950932229048
38,114,0.000581117112189786
38,115,0.00015626678647120295
38,116,5.371670784947602e-05
38,117,0.0006299504829620369
38,118,0.00046391702233638377
38,119,8.790006739005166e-05
38,120,0.0005664671009581108
38,121,7.813339323560148e-05
38,122,0.00037113361786910706
38,123,0.00029300022463350556
38,124,0.00014650011231675278
38,125,9.278340446727676e-05
38,126,0.00015138344939397787
38,127,4.8833370772250926e-05
38,128,8.790006739005166e-05
38,129,0.00011720008985340221
38,131,2.4416685386125463e-05
39,39,0.9559666534339023
39,40,0.002540690750297737
39,41,0.0008416038110361254
39,42,0.0016196903533148076
39,43,0.0008257244938467646
39,44,9.527590313616515e-05
39,46,0.00028582770940849543
39,47,0.002429535529972211
39,48,0.0005716554188169909
39,49,0.0015085351329892816
39,50,0.00166732830488289
39,51,0.0013973799126637554
39,52,0.0009210003969829298
39,53,0.0005875347360063517
39,55,0.003112346169114728
39,56,0.00014291385470424772
39,57,0.0010956728860658993
39,58,7.939658594680428e-05
39,59,0.0013815005954743945
39,60,0.0003969829297340214
39,61,0.0010639142516871774
39,62,9.527590313616515e-05
39,63,0.0025724493846764587
39,64,0.0010321556173084557
39,66,7.939658594680428e-05
39,67,6.351726875744343e-05
39,68,6.351726875744343e-05
39,69,9.527590313616515e-05
39,72,0.002493052798729655
39,74,0.00026994839221913456
39,76,0.00026994839221913456
39,77,0.001222707423580786
39,79,0.00023818975784041285
39,81,0.0013179833267169512
39,82,9.527590313616515e-05
39,83,0.00012703453751488687
39,84,0.0001905518062723303
39,85,0.00277888050813815
39,86,9.527590313616515e-05
39,89,0.00012703453751488687
39,90,6.351726875744343e-05
39,92,0.0008416038110361254
39,102,0.0023501389440254068
39,104,0.000111155220325526
39,105,0.0004287415641127432
39,106,0.00012703453751488687
39,107,0.000333465660976578
39,108,9.527590313616515e-05
39,109,0.00017467248908296942
39,110,0.00014291385470424772
39,112,0.0006192933703850734
39,113,0.000333465660976578
39,114,0.0003811036125446606
39,117,0.0001905518062723303
39,118,0.0004763795156808257
39,119,9.527590313616515e-05
39,120,0.00034934497816593884
39,121,6.351726875744343e-05
39,122,6.351726875744343e-05
39,123,9.527590313616515e-05
39,124,0.00014291385470424772
39,125,0.00014291385470424772
39,126,0.000111155220325526
39,128,6.351726875744343e-05
40,40,0.9462959436297848
40,41,0.0009521995810321843
40,42,0.0011426394972386211
40,43,0.0009521995810321843
40,47,0.002856598743096553
40,48,0.0011426394972386211
40,49,0.0011426394972386211
40,50,0.0022852789944772423
40,51,0.0011426394972386211
40,55,0.005141877737573796
40,57,0.0007617596648257475
40,59,0.0017139592458579318
40,61,0.0019043991620643686
40,63,0.005141877737573796
40,64,0.0013330794134450582
40,72,0.0036183584079223004
40,79,0.0011426394972386211
40,81,0.0007617596648257475
40,85,0.0020948390782708055
40,92,0.0019043991620643686
40,102,0.004760997905160921
40,105,0.0007617596648257475
40,112,0.001523519329651495
40,113,0.0009521995810321843
40,120,0.0007617596648257475
41,41,0.9506723292119101
41,42,0.0018705222168629342
41,43,0.0013058362646024258
41,44,0.00010587861604884534
41,46,0.0006235074056209781
41,47,0.0017999364728303706
41,48,0.0003294001388186299
41,49,0.002717551145253697
41,50,0.001905815088879216
41,51,0.0009764361257837958
41,52,0.0016470006940931497
41,53,0.0008940860910791384
41,55,0.001435243461995459
41,56,8.235003470465748e-05
41,57,0.0006705645683093538
41,58,9.411432537675141e-05
41,59,0.000482335917555851
41,61,0.0010117289978000777
41,63,0.0018352293448466524
41,65,0.0005293930802442267
41,66,0.00015293577873722104
41,69,0.008964389492135572
41,70,0.00015293577873722104
41,71,0.0038704516311189015
41,72,0.0029175440866792937
41,74,9.411432537675141e-05
41,75,0.00012940719739303318
41,76,0.00029410726680234817
41,77,0.0016587649847652436
41,79,0.00021175723209769067
41,81,0.0024822653318118185
41,82,0.00014117148806512713
41,83,0.00011764290672093927
41,84,0.00016470006940931496
41,85,0.0015293577873722105
41,86,9.411432537675141e-05
41,89,0.00014117148806512713
41,90,9.411432537675141e-05
41,92,0.001105843323176829
41,96,8.235003470465748e-05
41,97,5.8821453360469633e-05
41,98,4.7057162688375704e-05
41,102,0.0015175934967001164
41,104,8.235003470465748e-05
41,105,0.00028234297613025425
41,106,0.00021175723209769067
41,107,0.000317635848146536
41,109,5.8821453360469633e-05
41,110,4.7057162688375704e-05
41,112,0.000317635848146536
41,113,0.00037645730150700563
41,114,0.00010587861604884534
41,117,0.0001764643600814089
41,118,0.00010587861604884534
41,119,4.7057162688375704e-05
41,120,0.00021175723209769067
41,122,5.8821453360469633e-05
41,123,7.058574403256356e-05
41,126,5.8821453360469633e-05
42,42,0.9525979568084831
42,43,0.000729341781973361
42,44,5.17263675158412e-05
42,45,2.069054700633648e-05
42,46,0.00019656019656019656
42,47,0.002886331307383939
42,48,0.000734514418724945
42,49,0.0014948920212078107
42,50,0.001722488038277512
42,51,0.0015311004784688996
42,52,0.0010500452605715764
42,53,0.0004603646708909867
42,55,0.004753653174705806
42,56,0.00013448855554118713
42,57,0.0018000775895512737
42,58,0.00024311392732445365
42,59,0.0006414069571964309
42,60,9.828009828009828e-05
42,61,0.001344885555411871
42,62,0.00015000646579593947
42,63,0.002369067632225527
42,64,0.0019707746023535496
42,65,6.207164101900943e-05
42,66,9.310746152851417e-05
42,67,0.00016552437605069184
42,68,0.00014483382904435536
42,69,0.00014483382904435536
42,70,0.0002793223845855425
42,71,0.0002379412905728695
42,72,0.003103582050950472
42,73,6.207164101900943e-05
42,74,0.0003413940256045519
42,75,9.828009828009828e-05
42,76,0.0005482994956679167
42,77,0.00146902883744989
42,79,0.0003362213888529678
42,81,0.0020587094271304796
42,82,0.00016552437605069184
42,83,0.00013448855554118713
42,84,0.0004138109401267296
42,85,0.0028294323031165134
42,86,0.00014483382904435536
42,88,4.138109401267296e-05
42,89,0.0001551791025475236
42,90,6.724427777059356e-05
42,92,0.0005896805896805897
42,96,3.103582050950472e-05
42,97,3.103582050950472e-05
42,102,0.0033156601577654207
42,104,0.0002896676580887107
42,105,0.00032587611534979954
42,106,0.0005327815854131643
42,107,0.00039829302987197726
42,108,8.276218802534592e-05
42,109,0.0003413940256045519
42,110,0.00016035173929910773
42,112,0.0008379671537566274
42,113,0.0005689900426742532
42,114,0.0004189835768783137
42,115,5.689900426742532e-05
42,116,2.58631837579206e-05
42,117,0.0002638044743307901
42,118,0.00037760248286564075
42,119,0.00017069701280227596
42,120,0.0002844950213371266
42,121,6.724427777059356e-05
42,122,0.00010862537178326652
42,123,0.0001034527350316824
42,124,0.00010862537178326652
42,125,5.689900426742532e-05
42,126,0.00013966119229277124
42,127,3.103582050950472e-05
42,128,3.620845726108884e-05
42,129,5.689900426742532e-05
42,131,2.069054700633648e-05
43,43,0.9666755665320562
43,44,2.2249663473839958e-05
43,46,0.0003281825362391394
43,47,0.0016798495922749168
43,48,0.0003281825362391394
43,49,0.001101358341955078
43,50,0.0013739167195096175
43,51,0.0008788617072166783
43,52,0.0009678603611120381
43,53,0.0014128536305888374
43,54,0.0001613100601853397
43,55,0.0022750280902001357
43,56,5.562415868459989e-05
43,57,0.0006452402407413588
43,58,4.4499326947679916e-05
43,59,0.0009622979452435782
43,60,6.118657455305988e-05
43,61,0.0011236080054289178
43,62,2.7812079342299946e-05
43,63,0.001590850938379557
43,64,0.002647709953386955
43,65,2.2249663473839958e-05
43,66,6.674899042151987e-05
43,67,9.456106976381982e-05
43,68,0.00011681073323765979
43,69,0.00019468455539609964
43,70,0.00014462281257995974
43,71,0.00023362146647531957
43,72,0.0033374495210759937
43,74,0.00015574764431687971
43,75,5.0061742816139904e-05
43,76,0.0001668724760537997
43,77,0.0014239784623257573
43,78,5.562415868459989e-05
43,79,0.0003226201203706794
43,80,3.3374495210759934e-05
43,81,0.0009011113706905183
43,82,6.118657455305988e-05
43,83,8.899865389535983e-05
43,84,0.00012237314910611976
43,85,0.0023362146647531957
43,86,5.562415868459989e-05
43,88,3.3374495210759934e-05
43,89,0.00011124831736919978
43,90,8.899865389535983e-05
43,92,0.0010012348563227982
43,96,5.562415868459989e-05
43,97,2.7812079342299946e-05
43,98,3.3374495210759934e-05
43,99,0.00010012348563227981
43,100,3.3374495210759934e-05
43,102,0.0012292939069296577
43,104,5.0061742816139904e-05
43,105,0.00013906039671149974
43,106,0.00015574764431687971
43,107,0.0001613100601853397
43,109,6.674899042151987e-05
43,110,0.00010012348563227981
43,112,0.0006007409137936789
43,113,0.00026699596168607947
43,114,0.0002169342188699396
43,115,2.2249663473839958e-05
43,117,8.899865389535983e-05
43,118,0.00020024697126455962
43,119,7.231140628997987e-05
43,120,0.00018355972365917967
43,121,7.787382215843986e-05
43,122,7.231140628997987e-05
43,123,3.893691107921993e-05
43,124,5.562415868459989e-05
43,125,8.343623802689985e-05
43,126,9.456106976381982e-05
43,127,3.893691107921993e-05
43,128,2.2249663473839958e-05
43,129,3.3374495210759934e-05
44,44,0.9403162055335968
44,45,0.0037549407114624506
44,47,0.005731225296442688
44,48,0.0016798418972332016
44,49,0.002173913043478261
44,50,0.0011857707509881424
44,51,0.0010869565217391304
44,52,0.0005928853754940712
44,53,0.0004940711462450593
44,55,0.005434782608695652
44,57,0.0007905138339920949
44,58,0.0003952569169960474
44,59,0.0010869565217391304
44,61,0.0016798418972332016
44,63,0.002173913043478261
44,64,0.001284584980237154
44,66,0.0005928853754940712
44,72,0.0038537549407114623
44,74,0.0003952569169960474
44,77,0.0009881422924901185
44,79,0.0008893280632411067
44,81,0.0007905138339920949
44,85,0.0026679841897233204
44,103,0.005237154150197629
44,104,0.0004940711462450593
44,105,0.0007905138339920949
44,107,0.0008893280632411067
44,110,0.0004940711462450593
44,112,0.0018774703557312253
44,113,0.0023715415019762848
44,114,0.0009881422924901185
44,118,0.0004940711462450593
44,120,0.0003952569169960474
44,123,0.0003952569169960474
45,45,0.9507315616601971
45,47,0.006270528515974918
45,48,0.0017915795759928337
45,50,0.001492982979994028
45,55,0.005673335323977307
45,61,0.0017915795759928337
45,63,0.0017915795759928337
45,72,0.0032845625559868616
45,85,0.0020901761719916393
45,103,0.002985965959988056
45,112,0.0017915795759928337
45,113,0.0017915795759928337
45,114,0.002388772767990445
45,120,0.001492982979994028
46,46,0.9725824117584708
46,47,0.0009892944210861039
46,48,0.00012366180263576298
46,49,0.001483941631629156
46,50,0.0013072819135780658
46,51,0.0008656326184503409
46,52,0.001254283998162739
46,53,0.001554605518849592
46,54,7.066388722043599e-05
46,55,0.0029855492350634207
46,56,7.066388722043599e-05
46,57,0.000459315266932834
46,59,0.0007243048440094689
46,61,0.000671306928594142
46,63,0.0009892944210861039
46,64,0.001837261067731336
46,66,8.832985902554499e-05
46,67,0.000105995830830654
46,68,7.066388722043599e-05
46,69,0.000229657633466417
46,70,7.066388722043599e-05
46,71,0.000194325689856199
46,72,0.001854927039536445
46,74,7.066388722043599e-05
46,76,7.066388722043599e-05
46,77,0.001254283998162739
46,78,7.066388722043599e-05
46,79,0.00024732360527152596
46,80,7.066388722043599e-05
46,81,0.001095290251916758
46,84,0.000211991661661308
46,85,0.0015899374624598098
46,86,7.066388722043599e-05
46,89,7.066388722043599e-05
46,94,0.00123661802635763
46,97,7.066388722043599e-05
46,99,7.066388722043599e-05
46,100,0.00014132777444087198
46,102,0.000900964562060559
46,104,7.066388722043599e-05
46,105,0.000105995830830654
46,107,0.000105995830830654
46,109,0.00012366180263576298
46,112,0.000300321520686853
46,113,0.000300321520686853
46,114,8.832985902554499e-05
46,117,7.066388722043599e-05
46,118,0.00014132777444087198
46,120,0.00015899374624598098
47,47,0.9411208371063488
47,48,0.007879493481666739
47,49,0.002084141836632027
47,50,0.0015494516550960862
47,51,0.0010808790766532995
47,52,0.0005375648599312951
47,53,0.0005231914679545226
47,54,8.049099506992655e-05
47,55,0.005939085564802438
47,56,0.00020985152286087994
47,57,0.0011469966797464533
47,58,8.911503025599011e-05
47,59,0.0011182498957929081
47,60,0.0002730944475586794
47,61,0.0013194773834677245
47,62,8.336567346528107e-05
47,63,0.0017794259267244477
47,64,0.0012562344587699252
47,65,2.5872105558190676e-05
47,66,0.00020985152286087994
47,67,0.00018110473890733475
47,68,0.0002041021660701709
47,69,8.049099506992655e-05
47,70,0.00012936052779095338
47,71,0.0001753553821166257
47,72,0.003478360858378969
47,73,6.611760309315395e-05
47,74,0.0004053296537449873
47,75,0.00010061374383740819
47,76,0.00048582064881491383
47,77,0.0012964799563048885
47,78,6.036824630244491e-05
47,79,0.0006266798901872853
47,80,7.186695988386299e-05
47,81,0.000735917669210757
47,82,9.486438704669915e-05
47,83,2.0122748767481637e-05
47,84,9.198970865134463e-05
47,85,0.0035387291046814137
47,86,0.0004110790105356963
47,87,4.024549753496327e-05
47,88,6.324292469779944e-05
47,89,0.00012361117100024435
47,90,0.00016960602532591667
47,92,0.00041682836732640535
47,96,4.886953272102683e-05
47,98,1.1498713581418078e-05
47,99,3.449614074425424e-05
47,100,1.724807037212712e-05
47,114,0.008284823135411725
47,121,0.0012476104235838615
47,122,0.002693573656447185
47,123,0.002837307576214911
47,124,0.0009946387247926638
47,125,0.000586434392652322
47,127,0.0004484498296753051
47,128,0.0003679588346053785
47,129,0.0008422807698388742
47,130,7.47416382792175e-05
47,131,0.00010923777902347175
48,48,0.9463168388232549
48,49,0.0018134769974759795
48,50,0.0013680615945871424
48,51,0.0009862769635395677
48,52,0.00025452308736504975
48,53,0.00028633847328568096
48,55,0.0055570874074702525
48,56,0.00019089231552378732
48,57,0.001357456465946932
48,58,0.00021210257280420813
48,59,0.001230194922264407
48,60,0.00038178463104757463
48,61,0.0012726154368252487
48,62,0.0001696820582433665
48,63,0.0013468513373067214
48,64,0.0006044923324919931
48,66,0.0005832820752115723
48,67,0.0002651282160052601
48,68,0.00031815385920631217
48,69,4.2420514560841626e-05
48,70,0.00013786667232273527
48,71,0.0002014974441639977
48,72,0.003945107854158271
48,73,0.00015907692960315608
48,74,0.000498441046089889
48,75,6.363077184126244e-05
48,76,0.00078477951937557
48,77,0.0013998769805077735
48,79,0.001018092349460199
48,81,0.0004029948883279954
48,82,8.484102912168325e-05
48,85,0.00260886164549176
48,86,0.0007953846480157805
48,87,4.2420514560841626e-05
48,88,5.302564320105203e-05
48,89,0.0001484718009629457
48,90,0.00019089231552378732
48,92,0.0001696820582433665
48,124,0.007869005451036122
48,125,0.005578297664750673
48,127,0.0034678770653488026
48,128,0.003679979638153011
48,129,0.001463507752349036
48,130,9.544615776189366e-05
48,131,0.0004348102742486266
49,49,0.9576623469133353
49,50,0.001897842158553773
49,51,0.0014450058258157414
49,52,0.0010074336391250592
49,53,0.0010481380285846575
49,54,0.0001577295091559436
49,55,0.0036837472460936505
49,56,0.00028493072621718846
49,57,0.0009921694930777097
49,58,0.00012720121706124484
49,59,0.0008446160812866657
49,60,0.0001679056065208432
49,61,0.0011855153430108019
49,62,6.105658418939752e-05
49,63,0.002045395570344817
49,64,0.0019639867914256204
49,65,8.14087789191967e-05
49,66,0.00029001877489963823
49,67,0.0002594904828049395
49,68,0.00020352194729799175
49,69,0.00022387414202779091
49,70,0.00012720121706124484
49,71,0.00034089926172413615
49,72,0.0030986216476119243
49,73,3.561634077714856e-05
49,74,0.00021878609334534112
49,75,5.596853550694773e-05
49,76,0.000345987310406586
49,77,0.0016332636270663839
49,78,6.105658418939752e-05
49,79,0.0007123268155429712
49,80,8.64968276016465e-05
49,81,0.0014144775337210425
49,82,0.00012211316837879504
49,83,9.667292496654608e-05
49,84,0.00020860999598044155
49,85,0.002635609217508993
49,86,0.00039177974854863413
49,87,4.070438945959835e-05
49,88,4.070438945959835e-05
49,89,0.000172993655203293
49,90,0.00011193707101389546
49,98,0.0009514651036181115
49,99,9.158487628409629e-05
49,100,7.123268155429712e-05
49,101,2.544024341224897e-05
49,102,0.002243829468960359
49,104,0.00011702511969634525
49,105,0.0003256351156767868
49,106,0.0001780817038857428
49,107,0.0013381568034842957
49,108,8.14087789191967e-05
49,109,0.0002340502393926905
49,110,0.00013737731442614443
49,112,0.0005545973063870275
49,113,0.0009209368115234126
49,114,0.0006258299879413246
49,115,5.596853550694773e-05
49,116,3.561634077714856e-05
49,117,0.0009412890062532118
49,118,0.0005495092577045777
49,119,9.667292496654608e-05
49,120,0.0004070438945959835
49,121,8.64968276016465e-05
49,122,0.00036125145645393535
49,123,0.0008089997405095172
49,124,0.00019843389861554195
49,125,0.0001628175578383934
49,126,0.0001628175578383934
49,127,7.63207302367469e-05
49,128,0.0003866916998661843
49,129,0.00014246536310859423
49,130,2.0352194729799174e-05
49,131,2.0352194729799174e-05
50,50,0.9588652935325199
50,51,0.0014646967028353972
50,52,0.0010631599120269394
50,53,0.0006205568585221621
50,54,2.7377508464213034e-05
50,55,0.0032989897699376705
50,56,0.00011863587001158981
50,57,0.0009536498781700873
50,58,0.00011407295193422097
50,59,0.0008304510900811287
50,60,0.00010038419770211445
50,61,0.0016380875897754133
50,62,5.9317935005794904e-05
50,63,0.0035088840014966373
50,64,0.001843418903257011
50,65,7.300668923790142e-05
50,66,0.00021445714963633542
50,67,0.000141450460398434
50,68,0.00014601337847580285
50,69,0.00019164255924949123
50,70,0.00013232462424369633
50,71,0.00025552341233265496
50,72,0.0027925058633497296
50,73,3.194042654158187e-05
50,74,0.00018707964117212238
50,75,5.0192098851057226e-05
50,76,0.0003239671834931876
50,77,0.0012365507989669554
50,78,1.8251672309475356e-05
50,79,0.00025096049425528616
50,80,3.194042654158187e-05
50,81,0.0017110942790133146
50,82,0.00015513921463054052
50,83,0.00011863587001158981
50,84,0.0003559076100347694
50,89,0.00695388714991011
50,91,0.0002235829857910731
50,92,0.0007483185646884895
50,93,1.8251672309475356e-05
50,94,1.8251672309475356e-05
50,96,3.650334461895071e-05
50,98,5.9317935005794904e-05
50,100,1.8251672309475356e-05
50,102,0.0025324195329397056
50,104,0.00010038419770211445
50,105,0.000396973872731089
50,106,0.00021902006771370427
50,107,0.00037415928234424477
50,108,0.00011863587001158981
50,109,0.00021445714963633542
50,110,0.00027377508464213035
50,112,0.0006935635477600636
50,113,0.0006388085308316375
50,114,0.00070725230199217
50,115,4.562918077368839e-05
50,117,0.00028746383887423685
50,118,0.0005247355788974165
50,119,8.669544347000794e-05
50,120,0.00025552341233265496
50,121,0.00012776170616632748
50,122,0.0002463975761779173
50,123,0.00015513921463054052
50,124,0.00021902006771370427
50,125,0.00019164255924949123
50,126,0.00013688754232106518
50,127,0.00015513921463054052
50,128,9.125836154737678e-05
50,129,0.00013232462424369633
50,131,1.8251672309475356e-05
51,51,0.9620947289053396
51,52,0.000703726551968378
51,53,0.000612333493271186
51,54,4.1126876413736376e-05
51,55,0.006589439532067539
51,56,0.000329015011309891
51,57,0.001101286357301163
51,58,0.00010510201750177074
51,59,0.0009185002399067791
51,60,0.0001736468115246647
51,61,0.0012520849041515298
51,62,7.768409989261315e-05
51,63,0.002111179655905134
51,64,0.0010373112162131285
51,65,1.827861173943839e-05
51,66,0.00011424132337148994
51,67,9.596271163205155e-05
51,68,0.00010053236456691114
51,69,8.682340576233235e-05
51,70,0.00012795028217606872
51,71,0.0001736468115246647
51,72,0.0026412593963488474
51,73,7.311444695775356e-05
51,74,0.00041583841707222335
51,75,8.225375282747275e-05
51,76,0.00022391299380812026
51,77,0.001009893298603971
51,78,2.7417917609157585e-05
51,79,0.0003107363995704526
51,84,0.0037745333241940276
51,85,0.0030708067722256495
51,86,0.00010510201750177074
51,87,2.2848264674297987e-05
51,88,4.5696529348595974e-05
51,89,0.00026047021728699705
51,90,6.854479402289396e-05
51,93,0.0009550574633856558
51,94,1.827861173943839e-05
51,96,4.5696529348595974e-05
51,98,3.655722347887678e-05
51,100,1.827861173943839e-05
51,102,0.002851463431352389
51,104,0.0001919254232641031
51,105,0.00039755980533278496
51,106,0.00024676125848241827
51,107,0.00037928119359334657
51,108,0.00011424132337148994
51,109,0.0003701418877236274
51,110,0.0001736468115246647
51,112,0.0005437886992482921
51,113,0.0006397514108803437
51,114,0.00068087828729408
51,115,6.397514108803436e-05
51,117,0.00024676125848241827
51,118,0.00026503987022185666
51,119,9.596271163205155e-05
51,120,0.00022391299380812026
51,121,0.00011424132337148994
51,122,0.0001736468115246647
51,123,0.00023305229967783946
51,124,0.00020563438206868187
51,125,0.0001553681997852263
51,126,0.00010053236456691114
51,127,0.00010510201750177074
51,128,0.00011424132337148994
51,129,0.00012795028217606872
51,131,4.1126876413736376e-05
52,52,0.9809128891967133
52,53,0.0007330817768463092
52,55,0.0013672200009894355
52,57,0.001173830329796851
52,58,3.59794737102483e-05
52,59,0.0006611228294258125
52,60,4.0476907924029344e-05
52,61,0.0006161484872880022
52,63,0.001421189211554808
52,64,0.0014931481589753046
52,65,2.6984605282686227e-05
52,66,3.59794737102483e-05
52,68,5.3969210565372455e-05
52,69,0.00015741019748233634
52,70,2.6984605282686227e-05
52,71,0.00011243585534452595
52,72,0.0021047992120495256
52,73,5.8466644779153496e-05
52,74,0.00011243585534452595
52,75,4.0476907924029344e-05
52,76,0.0001529127632685553
52,77,0.0011198611192314784
52,79,0.00017539993433746047
52,81,0.0012637790140724717
52,82,9.894355270318284e-05
52,83,0.00011693328955830699
52,84,0.0001529127632685553
52,85,0.001785481382871072
52,86,3.59794737102483e-05
52,88,2.248717106890519e-05
52,89,0.00017539993433746047
52,90,5.3969210565372455e-05
52,92,0.0011063688165901353
52,93,3.59794737102483e-05
52,96,5.3969210565372455e-05
52,97,4.497434213781038e-05
52,98,4.0476907924029344e-05
52,100,4.0476907924029344e-05
52,102,0.000710594605777404
52,104,7.645638163427765e-05
52,105,0.00012143072377208802
52,106,8.095381584805869e-05
52,107,0.00011693328955830699
52,108,3.148203949646727e-05
52,109,9.894355270318284e-05
52,110,4.947177635159142e-05
52,112,0.0001439178948409932
52,113,0.0001529127632685553
52,114,0.00014841532905477425
52,117,8.545125006183972e-05
52,118,8.994868427562076e-05
52,119,2.6984605282686227e-05
52,120,4.947177635159142e-05
52,121,2.248717106890519e-05
52,122,4.947177635159142e-05
52,123,2.6984605282686227e-05
52,124,1.798973685512415e-05
52,125,3.59794737102483e-05
52,126,2.6984605282686227e-05
52,127,1.798973685512415e-05
52,128,2.6984605282686227e-05
52,129,3.148203949646727e-05
53,53,0.9775747323081236
53,54,0.0037019691799915254
53,55,0.0005543396190348756
53,56,2.2301019156575454e-05
53,57,0.0005001800010831924
53,59,0.0009939882824073632
53,60,4.1416178433640135e-05
53,61,0.00045557796277004146
53,63,0.0006562871351792205
53,64,0.0005861982178299834
53,66,1.9115159277064678e-05
53,67,3.5044458674618576e-05
53,68,5.097375807217247e-05
53,69,8.601821674679104e-05
53,71,6.0531337710704806e-05
53,72,0.0018796573289113598
53,73,1.2743439518043117e-05
53,74,4.1416178433640135e-05
53,75,1.2743439518043117e-05
53,76,7.646063710825871e-05
53,80,0.005568883069384843
53,81,0.00039186076517982587
53,82,3.5044458674618576e-05
53,83,3.8230318554129355e-05
53,84,5.7345477831194026e-05
53,85,0.0013380611493945273
53,86,5.097375807217247e-05
53,88,2.2301019156575454e-05
53,89,5.7345477831194026e-05
53,90,2.2301019156575454e-05
53,100,0.0033132942746912104
53,101,0.0008888549063835074
53,102,0.0002484970706018408
53,104,2.8672738915597013e-05
53,105,3.5044458674618576e-05
53,106,4.460203831315091e-05
53,107,1.5929299397553898e-05
53,109,1.2743439518043117e-05
53,110,1.2743439518043117e-05
53,112,7.327477722874793e-05
53,113,4.1416178433640135e-05
53,114,4.778789819266169e-05
53,117,2.2301019156575454e-05
53,118,4.778789819266169e-05
53,120,2.8672738915597013e-05
53,122,1.9115159277064678e-05
53,123,1.5929299397553898e-05
53,124,3.8230318554129355e-05
53,126,1.2743439518043117e-05
53,128,1.2743439518043117e-05
54,54,0.9775607365399426
54,55,0.00021003990758244065
54,57,0.000980186235384723
54,59,0.0015052860043408248
54,61,0.00017503325631870056
54,63,0.00024504655884618077
54,72,0.0027305187985717286
54,76,0.00021003990758244065
54,80,0.008051529790660225
54,85,0.0017503325631870056
54,100,0.0033956451725827906
54,101,0.0023104389834068474
54,102,0.00017503325631870056
55,55,0.9727511549596739
55,56,0.0008643440089155484
55,57,0.0010544196590242918
55,58,9.60382232128387e-05
55,59,0.0006202468582495834
55,60,0.00015005972377006048
55,61,0.0019367708347922472
55,62,0.00012805096428378495
55,63,0.0012384929201822326
55,64,0.0007142842851454879
55,65,2.6010352120143817e-05
55,66,0.0001660660943055336
55,67,0.0001460581311361922
55,68,8.6034241628168e-05
55,69,2.6010352120143817e-05
55,70,5.6022296874155914e-05
55,71,7.202866740962904e-05
55,74,0.00621047176776357
55,75,0.00018207246484100672
55,76,0.0005282102276706129
55,77,0.0011044395669476451
55,78,2.8011148437077957e-05
55,79,0.0004881943013319301
55,80,4.601831528948521e-05
55,81,0.0008563408236478119
55,82,9.403742689590457e-05
55,83,3.0011944754012097e-05
55,84,0.00014405733481925807
55,85,0.0018247262410439355
55,86,0.00014205653850232392
55,87,2.8011148437077957e-05
55,88,3.201274107094624e-05
55,89,0.00011804698269911425
55,90,8.00318526773656e-05
55,92,0.0003521401517804086
55,93,2.8011148437077957e-05
55,94,1.800716685240726e-05
55,96,3.0011944754012097e-05
55,98,1.800716685240726e-05
55,100,3.0011944754012097e-05
55,109,0.003519400721487152
55,110,0.00015206052008699463
55,111,8.00318526773656e-06
55,112,0.0004621839492117863
55,113,0.0006282500435173199
55,114,0.0006702667661729368
55,115,8.403344531123386e-05
55,116,1.2004777901604838e-05
55,117,0.00022408918749662366
55,118,0.00022408918749662366
55,119,4.00159263386828e-05
55,120,0.000272108299103043
55,121,0.00011204459374831183
55,122,0.0002420963543490309
55,123,0.00017406927957327016
55,124,0.00015406131640392876
55,125,0.00010804300111444355
55,126,5.6022296874155914e-05
55,127,8.203264899429974e-05
55,128,6.402548214189248e-05
55,129,0.00011804698269911425
55,130,1.4005574218538979e-05
55,131,1.4005574218538979e-05
56,56,0.9798812919139752
56,61,0.002004162491328143
56,62,0.00038541586371695056
56,63,0.0015416634548678023
56,64,0.00030833269097356046
56,74,0.005395822092037308
56,75,0.00030833269097356046
56,76,0.00030833269097356046
56,77,0.0014645802821244122
56,79,0.0008479149001772913
56,81,0.00038541586371695056
56,85,0.0010020812456640715
56,109,0.001927079318584753
56,112,0.00030833269097356046
56,113,0.0004624990364603407
56,114,0.00038541586371695056
57,57,0.9694452933527483
57,58,0.0019774569903104606
57,59,0.0017677267034593514
57,60,0.00023969175640126797
57,61,0.0014621197140477346
57,62,5.393064519028529e-05
57,63,0.0019235263451201755
57,64,0.0012284202515564983
57,65,4.793835128025359e-05
57,66,0.00011385358429060228
57,67,9.587670256050718e-05
57,68,0.0001617919355708559
57,69,8.988440865047549e-05
57,70,0.00013782275993072908
57,71,0.00014980734775079247
57,73,0.0035354534069187028
57,74,0.0007010983874737088
57,75,6.59152330103487e-05
57,76,0.00019175340512101436
57,77,0.0011984587820063398
57,78,5.393064519028529e-05
57,79,0.0004494220432523774
57,80,0.00018576111121098267
57,81,0.0007430444448439307
57,82,5.9922939100316994e-05
57,83,4.1946057370221896e-05
57,84,0.00014980734775079247
57,85,0.003205877241866959
57,86,0.00017976881730095097
57,87,2.9961469550158497e-05
57,88,3.5953763460190195e-05
57,89,0.00028163781377148986
57,90,7.190752692038039e-05
57,92,0.000617206272733265
57,96,4.793835128025359e-05
57,98,4.1946057370221896e-05
57,99,0.00014980734775079247
57,100,0.00010186899647053889
57,101,4.1946057370221896e-05
57,102,0.002462832797023028
57,104,6.59152330103487e-05
57,105,0.00037751451633199703
57,106,0.00022770716858120456
57,107,0.00041346827979218725
57,108,6.59152330103487e-05
57,109,0.00047339121889250426
57,110,0.00023969175640126797
57,112,0.0003894991041520605
57,113,0.000617206272733265
57,114,0.0009347978499649451
57,115,2.3969175640126795e-05
57,117,0.00023369946249123628
57,118,0.0004494220432523774
57,119,0.00013782275993072908
57,120,0.0001617919355708559
57,121,0.00014381505384076078
57,122,0.00017976881730095097
57,123,0.00031159928332164834
57,124,0.0002636609320413948
57,125,0.00015579964166082417
57,126,5.393064519028529e-05
57,127,0.00015579964166082417
57,128,0.00018576111121098267
57,129,0.00011385358429060228
58,58,0.9535294117647058
58,59,0.001568627450980392
58,62,0.0028431372549019606
58,63,0.0033333333333333335
58,64,0.00196078431372549
58,67,0.000588235294117647
58,68,0.0010784313725490195
58,69,0.0004901960784313725
58,70,0.0010784313725490195
58,76,0.009313725490196078
58,77,0.00196078431372549
58,79,0.0004901960784313725
58,81,0.0012745098039215687
58,85,0.0036274509803921567
58,86,0.000784313725490196
58,92,0.0004901960784313725
58,104,0.003431372549019608
58,105,0.000980392156862745
58,107,0.000588235294117647
58,109,0.0006862745098039216
58,112,0.0008823529411764706
58,114,0.0014705882352941176
58,115,0.0006862745098039216
58,117,0.000392156862745098
58,120,0.0006862745098039216
58,123,0.000392156862745098
58,124,0.0004901960784313725
58,127,0.0006862745098039216
58,129,0.000392156862745098
59,59,0.9684463750412883
59,60,0.005964214711729622
59,61,0.001439638033865771
59,62,8.101859065045464e-05
59,63,0.0017574801971867852
59,64,0.001383548240338533
59,66,0.00014334058345849668
59,67,9.971518849286725e-05
59,68,4.362539496562942e-05
59,69,9.971518849286725e-05
59,70,3.116099640402101e-05
59,71,0.00012464398561608405
59,72,0.0026798456907458075
59,73,0.0002368235726705597
59,74,0.0008725078993125884
59,75,0.00010594738777367146
59,76,0.000336538761163427
59,77,0.0012402076568800364
59,78,2.492879712321681e-05
59,79,0.0003614675582866438
59,80,9.971518849286725e-05
59,81,3.116099640402101e-05
59,85,0.002947830259820388
59,86,0.00016203718130090928
59,87,3.116099640402101e-05
59,88,3.116099640402101e-05
59,89,0.0001682693805817135
59,90,6.855419208884623e-05
59,92,0.0007914893086621338
59,96,2.492879712321681e-05
59,97,6.232199280804202e-05
59,98,3.116099640402101e-05
59,99,9.971518849286725e-05
59,100,4.985759424643362e-05
59,102,0.00226852053821273
59,104,7.478639136965043e-05
59,105,0.0004050929532522732
59,106,8.101859065045464e-05
59,107,0.0004985759424643362
59,108,8.101859065045464e-05
59,109,0.0005608979352723783
59,110,0.00017450157986251768
59,112,0.00086004350075098
59,113,0.0005110403410259446
59,114,0.0010096162834902808
59,115,3.7393195684825216e-05
59,117,0.0002617523697937765
59,118,0.0005733623338339867
59,119,8.101859065045464e-05
59,120,0.0002991455654786017
59,121,0.0001682693805817135
59,122,0.0002555201705129723
59,123,0.00031160996404021015
59,124,0.0004175573518138816
59,125,0.00023059137338975552
59,126,0.00010594738777367146
59,127,0.00012464398561608405
59,128,0.00011841178633527985
59,129,0.0002929133661977975
59,130,2.492879712321681e-05
59,131,3.7393195684825216e-05
60,60,0.9612200170461463
60,61,0.0014610982588579083
60,62,0.00024351637647631802
60,63,0.0018872519176914646
60,64,0.0010958236941434312
60,67,0.00036527456471447707
60,71,0.00030439547059539756
60,72,0.004748569341288202
60,74,0.0015219773529769878
60,76,0.0009740655059052721
60,77,0.0017046146353342263
60,79,0.0009740655059052721
60,85,0.003104833800073055
60,86,0.0007914282235480337
60,92,0.00036527456471447707
60,102,0.0037745038353829293
60,104,0.00030439547059539756
60,105,0.00048703275295263604
60,107,0.00036527456471447707
60,109,0.0012784609765006697
60,112,0.0015828564470960673
60,113,0.0007914282235480337
60,114,0.0009740655059052721
60,117,0.0009131864117861926
60,118,0.0007305491294289541
60,120,0.0009131864117861926
60,121,0.0004261536588335566
60,122,0.0007305491294289541
60,123,0.0006087909411907951
60,124,0.0008523073176671132
60,125,0.0006696700353098746
60,126,0.00030439547059539756
60,127,0.00030439547059539756
60,128,0.00030439547059539756
60,129,0.0006087909411907951
60,131,0.00024351637647631802
61,61,0.9699413489736071
61,62,0.0019467781564555758
61,63,0.0021251089799476895
61,64,0.0015306729016406435
61,65,4.458270587302845e-05
61,66,8.421177776016486e-05
61,67,0.0001287944836331933
61,68,0.00014365538559086947
61,69,0.00013870175160497742
61,70,0.00043591979075850045
61,71,0.00022291352936514225
61,75,0.0050527066656098915
61,76,0.0001486090195767615
61,77,0.0013028057382896093
61,78,2.9721803915352303e-05
61,79,0.0004408734247443925
61,80,7.925814377427281e-05
61,81,0.001387017516049774
61,82,0.00015356265356265356
61,83,4.95363398589205e-05
61,84,0.000292264405167631
61,87,0.0037944836331933107
61,88,5.9443607830704605e-05
61,89,0.000495363398589205
61,90,0.00012384084964730125
61,92,0.0005746215423634779
61,93,3.9629071887136404e-05
61,96,2.476816992946025e-05
61,98,3.4675437901244355e-05
61,100,3.4675437901244355e-05
61,102,0.0024916778949037014
61,104,7.925814377427281e-05
61,105,0.000391337084885472
61,106,0.00016346992153443767
61,107,0.00038638345089957995
61,108,8.421177776016486e-05
61,109,0.00046564159467385273
61,110,0.00024272806530871048
61,112,0.000787627803756836
61,113,0.0006588333201236427
61,114,0.0008569786795593247
61,115,2.476816992946025e-05
61,117,0.00024272806530871048
61,118,0.00033189347705476737
61,119,9.411904573194896e-05
61,120,0.00023777443132281842
61,121,0.00011393358167551716
61,122,0.00022291352936514225
61,123,0.000292264405167631
61,124,0.00020805262740746612
61,125,0.00016842355552032973
61,126,9.9072679717841e-05
61,127,0.00011888721566140921
61,128,0.00013374811761908536
61,129,0.00015356265356265356
62,62,0.9568084404879658
62,63,0.001483679525222552
62,64,0.0016485328058028356
62,70,0.004780745136828223
62,76,0.008737223870755028
62,77,0.0037916254533465216
62,79,0.001483679525222552
62,81,0.0008242664029014178
62,87,0.0037916254533465216
62,89,0.0009891196834817012
62,104,0.001813386086383119
62,105,0.0008242664029014178
62,107,0.0006594131223211342
62,112,0.0011539729640619848
62,114,0.0013188262446422684
62,115,0.0011539729640619848
62,117,0.0008242664029014178
62,121,0.0008242664029014178
62,126,0.0006594131223211342
63,63,0.9655228342567301
63,64,0.002023731850000553
63,65,0.0013786442839712329
63,66,0.004194912286522094
63,67,0.0001105864398907406
63,68,0.00012164508387981465
63,69,0.0001695658744991356
63,70,0.0001695658744991356
63,71,0.00023223152377055525
63,72,0.0030632443849735146
63,73,0.0001363899425319134
63,74,0.0006082254193990733
63,75,0.00015482101584703685
63,76,0.00042022847158481425
63,77,0.0015334652998182695
63,78,2.5803502641172808e-05
63,79,0.0003538766076503699
63,80,5.1607005282345615e-05
63,81,0.001433937503916603
63,82,0.0001695658744991356
63,83,8.846915191259247e-05
63,84,0.000317014461020123
63,88,0.005392932052005117
63,89,0.0005750494874318511
63,90,0.0002727798850638268
63,91,3.6862146630246865e-05
63,92,0.0008035947965393817
63,93,2.5803502641172808e-05
63,96,4.423457595629624e-05
63,97,2.9489717304197493e-05
63,98,2.5803502641172808e-05
63,99,1.8431073315123432e-05
63,100,7.372429326049373e-05
63,108,0.004670433978052278
63,109,0.0003538766076503699
63,111,0.0003354455343352465
63,112,0.0007593602205830855
63,114,0.0008330845138435791
63,116,0.0008109672258654311
63,117,0.0002801523143898762
63,118,0.0004570906182150611
63,119,0.00013270372786888872
63,120,0.00025434881174870336
63,121,0.0001621934451730862
63,122,0.000246976382422654
63,123,0.00022854530910753056
63,124,0.0003096420316940737
63,125,9.584158123864184e-05
63,126,9.584158123864184e-05
63,127,0.00010321401056469123
63,128,0.00012901751320586402
63,129,0.00011427265455376528
63,131,2.5803502641172808e-05
64,64,0.9573376028926776
64,67,0.005305029627728643
64,68,0.003933765651752575
64,69,0.004680683180566355
64,70,0.005151815775664278
64,71,0.00527438685731577
64,72,0.002930214920730983
64,73,9.958900384183734e-05
64,74,0.0004673022487963137
64,75,0.00019917800768367468
64,76,0.0006894623342896431
64,77,0.0015053260965323875
64,79,0.000268124241112639
64,80,2.68124241112639e-05
64,81,0.0009690776143071095
64,82,7.277657973057344e-05
64,83,8.809796493700995e-05
64,84,0.0001340621205563195
64,85,0.0019573069601222645
64,86,7.277657973057344e-05
64,87,9.958900384183734e-05
64,88,9.958900384183734e-05
64,89,0.0002030083539852838
64,90,9.192831123861908e-05
64,92,0.0010112114236248099
64,93,1.9151731508045642e-05
64,97,6.128554082574605e-05
64,98,5.745519452413693e-05
64,100,8.426761863540083e-05
64,102,0.0019458159212174372
64,104,0.0002949366652239029
64,105,0.00023748147069976597
64,106,9.958900384183734e-05
64,107,0.0005247574433204506
64,108,0.00014555315946114688
64,109,0.00025280285590620246
64,110,0.0001072496964450556
64,112,0.0006779712953848158
64,113,0.0003945256690657402
64,114,0.0005056057118124049
64,115,7.277657973057344e-05
64,116,2.298207780965477e-05
64,117,0.00027195458741424814
64,118,0.0002413118170013751
64,119,6.128554082574605e-05
64,120,0.0002259904317949386
64,121,9.192831123861908e-05
64,122,0.0001072496964450556
64,123,0.0002451421633029842
64,124,0.00012640142795310123
64,125,0.00010341935014344647
64,126,6.511588712735518e-05
64,127,5.745519452413693e-05
64,128,6.128554082574605e-05
64,129,9.575865754022821e-05
65,65,0.9458720612356479
65,66,0.008747949699289229
65,71,0.011481683980317113
65,72,0.008747949699289229
65,76,0.0016402405686167304
65,77,0.0016402405686167304
65,81,0.0016402405686167304
65,88,0.006014215418261345
65,108,0.004373974849644614
65,114,0.0010934937124111536
66,66,0.9491146137380814
66,67,0.002529675034053318
66,68,0.0007783615489394824
66,71,0.0005837711617046118
66,72,0.0060323020042809886
66,74,0.0013621327106440942
66,76,0.000972951936174353
66,79,0.006129597197898424
66,81,0.0007783615489394824
66,84,0.0003891807744697412
66,88,0.0049620548744892
66,90,0.0007783615489394824
66,92,0.0003891807744697412
66,96,0.0003891807744697412
66,116,0.005545826036193812
66,117,0.0024323798404358825
66,118,0.0031134461957579296
66,120,0.002529675034053318
66,122,0.002335084646818447
66,123,0.0014594279042615295
66,125,0.0017513134851138354
66,126,0.001264837517026659
66,127,0.0005837711617046118
66,128,0.0015567230978789648
66,129,0.0008756567425569177
67,67,0.9410682702511496
67,68,0.008701804032543331
67,69,0.002476123098691192
67,70,0.00955076052352317
67,71,0.004740007074637425
67,72,0.003537318712415989
67,74,0.000919702865228157
67,75,0.00035373187124159886
67,76,0.0016979129819596746
67,79,0.004244782454899187
67,81,0.00042447824548991865
67,86,0.0019101521047046339
67,88,0.0002829854969932791
67,89,0.0004952246197382384
67,92,0.0007782101167315176
67,113,0.004244782454899187
67,115,0.0008489564909798373
67,116,0.0002829854969932791
67,117,0.0026883622214361512
67,118,0.002193137601697913
67,120,0.0019101521047046339
67,122,0.0019808984789529537
67,123,0.0007782101167315176
67,125,0.0009904492394764769
67,126,0.000636717368234878
67,128,0.0004952246197382384
67,129,0.00035373187124159886
67,131,0.0002829854969932791
68,68,0.9545487813803704
68,69,0.0035863280392300374
68,70,0.006879894605869867
68,71,0.005635658347361488
68,72,0.004464612457000658
68,74,0.0008782844177706214
68,75,0.00029276147259020715
68,76,0.0016101880992461391
68,77,0.001683378467393691
68,79,0.001683378467393691
68,81,0.0008050940496230696
68,85,0.0021225206762790017
68,86,0.0005123325770328625
68,90,0.0004391422088853107
68,96,0.0007319036814755178
68,102,0.0016101880992461391
68,104,0.0004391422088853107
68,105,0.0003659518407377589
68,108,0.0003659518407377589
68,109,0.000658713313327966
68,112,0.0012442362585083802
68,113,0.0008050940496230696
68,114,0.0004391422088853107
68,115,0.00029276147259020715
68,117,0.0007319036814755178
68,118,0.0007319036814755178
68,119,0.00029276147259020715
68,122,0.001024665154065725
68,123,0.0005123325770328625
68,124,0.0003659518407377589
68,125,0.000658713313327966
68,127,0.00029276147259020715
68,128,0.0005855229451804143
68,129,0.0004391422088853107
69,69,0.959841719694134
69,70,0.0044382653334046306
69,71,0.018448211325597562
69,72,0.003047965349446554
69,74,0.00026736538153039944
69,76,0.0008555692208972783
69,77,0.001443773060264157
69,79,0.0005882038393668788
69,81,0.0016576653654884765
69,82,0.00021389230522431956
69,85,0.001497246136570237
69,88,0.00037431153414255923
69,92,0.0006416769156729587
69,102,0.001497246136570237
69,104,0.00042778461044863913
69,106,0.00021389230522431956
69,112,0.00032083845783647933
69,113,0.00037431153414255923
69,114,0.00037431153414255923
69,117,0.00037431153414255923
69,118,0.00026736538153039944
69,120,0.00026736538153039944
69,122,0.00026736538153039944
70,70,0.9706811883113726
70,71,0.004327320464822288
70,72,0.0025283220693343707
70,73,0.0003403510477950114
70,74,0.0004375942043078718
70,75,0.0012155394564107552
70,76,0.0029172946953858123
70,77,0.002139349443282929
70,79,0.002187971021539359
70,81,0.0004375942043078718
70,85,0.0013614041911800456
70,86,0.0001944863130257208
70,87,0.0006807020955900228
70,89,0.00024310789128215103
70,90,0.00024310789128215103
70,92,0.0003889726260514416
70,102,0.0015072689259493363
70,104,0.0007293236738464531
70,105,0.0001944863130257208
70,107,0.0004375942043078718
70,109,0.00024310789128215103
70,112,0.0009724315651286041
70,113,0.0008265668303593135
70,114,0.0003889726260514416
70,115,0.0004375942043078718
70,117,0.0007293236738464531
70,118,0.0001944863130257208
70,120,0.0009238099868721739
70,122,0.00024310789128215103
70,123,0.0001944863130257208
70,124,0.0001944863130257208
70,126,0.0001944863130257208
71,71,0.9739182373241306
71,72,0.003915582691797186
71,73,0.00013273161667109106
71,74,0.0005309264666843643
71,75,0.0003650119458455004
71,76,0.00155959649588532
71,77,0.0016259623042208654
71,79,0.0008295726041943191
71,81,0.001526413591717547
71,82,0.00019909742500663657
71,83,0.00013273161667109106
71,84,0.00013273161667109106
71,85,0.002289620387576321
71,86,0.00033182904167772763
71,88,0.0002986461375099549
71,89,0.00023228032917440935
71,92,0.000696840987523228
71,102,0.0027209981417573668
71,104,0.00033182904167772763
71,105,0.00016591452083886382
71,106,0.00039819485001327314
71,107,0.0007632067958587735
71,108,0.00013273161667109106
71,109,0.00033182904167772763
71,110,0.00013273161667109106
71,112,0.0005309264666843643
71,113,0.0007963897000265463
71,114,0.00039819485001327314
71,115,0.00023228032917440935
71,116,0.00019909742500663657
71,117,0.0007632067958587735
71,118,0.0004977435625165915
71,120,0.0005972922750199098
71,122,0.00033182904167772763
71,123,0.00016591452083886382
71,124,0.00016591452083886382
71,125,0.00019909742500663657
71,126,0.00016591452083886382
71,127,0.00019909742500663657
71,128,0.00023228032917440935
71,129,0.00013273161667109106
72,72,0.9648806897814272
72,73,0.002178825774968713
72,74,0.0069956513518623555
72,75,0.0018907165815844206
72,76,0.0032352261507111197
72,77,0.0023168780967986868
72,78,9.003412293259145e-05
72,79,0.0011104208495019612
72,80,0.00044716947723187086
72,81,0.0012454720339008483
72,82,0.00017706710843409652
72,83,0.00011704435981236889
72,84,0.00021908303246930588
72,85,0.0024789395180773513
72,86,0.00027010236879777437
72,87,5.702161119064125e-05
72,88,0.00018907165815844205
72,89,0.00028510805595320627
72,90,0.00014405459669214634
72,91,1.2004549724345526e-05
72,92,0.000747283220340509
72,93,2.4009099448691053e-05
72,96,5.402047375955487e-05
72,97,1.8006824586518292e-05
72,98,4.8018198897382105e-05
72,99,0.00012604777210562803
72,100,0.00016806369614083736
72,101,6.302388605281402e-05
72,102,0.002538962266699079
72,104,0.00011704435981236889
72,105,0.00040215241576557515
72,106,0.000165062558709751
72,107,0.0004861842638359938
72,108,0.00028810919338429267
72,109,0.000291110330815379
72,110,0.00020407734531387395
72,111,2.4009099448691053e-05
72,112,0.0007352786706161635
72,113,0.0008103071063933231
72,114,0.0007832968695135456
72,115,6.002274862172763e-05
72,116,9.603639779476421e-05
72,117,0.0003481319420060203
72,118,0.00046817743924947556
72,119,8.103071063933231e-05
72,120,0.0003631376291614522
72,121,0.00014105345926105993
72,122,0.0003211217051262428
72,123,0.00033612739228167473
72,124,0.00032412284255732923
72,125,0.0002460932693490833
72,126,0.0001140432223812825
72,127,0.000165062558709751
72,128,0.00013805232182997356
72,129,0.0002761046436599471
72,130,1.8006824586518292e-05
72,131,5.101933632846849e-05
73,73,0.9529635098080573
73,74,0.009069816494410462
73,75,0.0025311115798354778
73,76,0.004956760177177811
73,77,0.0032693524572874923
73,79,0.0013710187724108838
73,80,0.0008437038599451593
73,81,0.0013710187724108838
73,85,0.002952963509808057
73,88,0.0005273149124657245
73,89,0.0005273149124657245
73,102,0.003585741404766927
73,105,0.0004218519299725796
73,106,0.0009491668424383041
73,107,0.0005273149124657245
73,108,0.0007382408774520143
73,112,0.0009491668424383041
73,113,0.0009491668424383041
73,114,0.001160092807424594
73,117,0.0006327778949588694
73,118,0.0006327778949588694
73,119,0.0004218519299725796
73,120,0.0006327778949588694
73,122,0.0008437038599451593
73,123,0.0009491668424383041
73,124,0.001160092807424594
73,125,0.0007382408774520143
73,128,0.0004218519299725796
73,129,0.0005273149124657245
74,74,0.9832625161647884
74,75,0.0023831516719009793
74,76,0.0027895806392019213
74,77,0.0015702937372990948
74,79,0.0008498060225383337
74,80,0.0001293183077775725
74,81,0.0002955847034915943
74,82,0.0003325327914280436
74,85,0.0012931830777757251
74,86,0.00018474043968224645
74,89,9.237021984112322e-05
74,90,0.0001293183077775725
74,92,9.237021984112322e-05
74,109,0.002697210419360798
74,110,0.00014779235174579715
74,112,0.000258636615555145
74,113,0.0006096434509514132
74,114,0.00040642896730094216
74,117,0.00022168852761869575
74,118,0.00031405874745981895
74,120,0.0003694808793644929
74,122,0.00022168852761869575
74,123,0.0001662663957140218
74,124,0.00022168852761869575
74,125,0.00014779235174579715
74,127,9.237021984112322e-05
74,128,0.0001293183077775725
74,129,0.00011084426380934787
74,131,7.389617587289857e-05
75,75,0.9730202348238821
75,76,0.004309268048963278
75,77,0.0018111416437671746
75,79,0.0009992505620784412
75,81,0.001623782163377467
75,87,0.0034973769672745443
75,89,0.0004996252810392206
75,92,0.0006245316012990258
75,102,0.0019985011241568824
75,105,0.00043717212090931803
75,107,0.00043717212090931803
75,109,0.0006869847614289283
75,110,0.0003122658006495129
75,112,0.0011241568823382464
75,113,0.0010617037222083437
75,114,0.0015613290032475643
75,117,0.0004996252810392206
75,118,0.0003122658006495129
75,119,0.0002498126405196103
75,120,0.0006869847614289283
75,122,0.00037471896077941546
75,123,0.0004996252810392206
75,124,0.0004996252810392206
75,127,0.00037471896077941546
75,129,0.00037471896077941546
76,76,0.9739314061020898
76,77,0.002839874754241608
76,78,0.0002548605548678366
76,79,0.0022937449938105294
76,80,0.0002912692055632418
76,81,0.0005825384111264836
76,82,0.0001456346027816209
76,83,0.00018204325347702613
76,85,0.0020024757882472874
76,86,0.0008373989659943203
76,87,0.00021845190417243136
76,88,0.0004004951576494575
76,89,0.0002912692055632418
76,90,0.00036408650695405226
76,92,0.0002912692055632418
76,96,0.0001456346027816209
76,100,0.00018204325347702613
76,104,0.0021481103910289084
76,105,0.0004004951576494575
76,106,0.00018204325347702613
76,107,0.0006189470618218889
76,108,0.0002912692055632418
76,109,0.0006917643632126994
76,112,0.0009102162673851307
76,114,0.0010194422194713464
76,115,0.0015655719799024248
76,116,0.00021845190417243136
76,117,0.00047331245904026797
76,118,0.0008373989659943203
76,120,0.0004004951576494575
76,122,0.0008373989659943203
76,123,0.0007281730139081045
76,124,0.000800990315298915
76,125,0.0005097211097356732
76,126,0.00018204325347702613
76,127,0.00032767785625864706
76,128,0.0004369038083448627
76,129,0.0002912692055632418
77,77,0.9780825713494042
77,78,0.0015759213078415074
77,79,0.005108755888057634
77,80,0.005042948185092823
77,81,0.0009940426711000276
77,82,0.00010390689941812137
77,83,0.0001142975893599335
77,84,0.0001489332224993073
77,85,0.0018633970628983098
77,86,5.195344970906068e-05
77,87,4.502632308118592e-05
77,88,0.00012122471598780826
77,89,0.00015586034912718204
77,90,6.927126627874758e-05
77,91,1.7317816569686895e-05
77,95,0.0014408423385979495
77,96,6.927126627874758e-05
77,97,1.7317816569686895e-05
77,98,8.312551953449709e-05
77,99,0.0003463563313937379
77,100,5.541701302299806e-05
77,101,3.463563313937379e-05
77,102,0.001104876697146024
77,104,0.00011083402604599612
77,105,0.0001489332224993073
77,106,5.541701302299806e-05
77,107,0.0002597672485453034
77,108,0.00010737046273205874
77,109,0.00021474092546411747
77,110,6.234413965087281e-05
77,111,1.3854253255749515e-05
77,112,0.0004606539207536714
77,113,0.00022166805209199224
77,114,0.000384455527847049
77,115,3.809919645331117e-05
77,116,3.117206982543641e-05
77,117,9.351620947630923e-05
77,118,0.00013854253255749516
77,119,3.463563313937379e-05
77,120,0.00010737046273205874
77,121,6.58077029648102e-05
77,122,0.00011083402604599612
77,123,0.00015239678581324467
77,124,0.00012468827930174563
77,125,8.312551953449709e-05
77,126,4.1562759767248545e-05
77,127,8.312551953449709e-05
77,128,8.312551953449709e-05
77,129,9.351620947630923e-05
77,131,2.4244943197561653e-05
78,78,0.9684673673918357
78,79,0.006110975311659741
78,80,0.015032999266682962
78,81,0.0004888780249327792
78,85,0.0014666340747983377
78,95,0.0023221706184307018
78,96,0.0006110975311659741
78,99,0.0017110730872647274
78,101,0.0006110975311659741
79,79,0.9795825913081514
79,80,0.007795169806604805
79,81,0.0003592964039116443
79,82,0.0001405942450089043
79,86,0.0019839410129034274
79,88,9.372949667260286e-05
79,89,0.00018745899334520573
79,90,0.00012497266223013715
79,95,0.0014371856156465772
79,96,6.248633111506858e-05
79,98,0.00026556690723904145
79,99,0.0005623769800356172
79,100,0.0001405942450089043
79,101,0.00012497266223013715
79,113,0.001609023026213016
79,115,0.0003124316555753429
79,116,0.00010935107945137001
79,117,0.0006873496422657543
79,118,0.0006092417283719186
79,120,0.0006717280594869872
79,122,0.0009685381322835629
79,123,0.00026556690723904145
79,125,0.0005936201455931515
79,126,0.00023432374168150716
79,127,0.00020308057612397287
79,128,0.00017183741056643858
79,129,0.0004217827350267129
79,130,9.372949667260286e-05
79,131,0.00012497266223013715
80,80,0.9893820130631386
80,81,0.00030145704237146206
80,85,0.001272818623346173
80,86,0.0005359236308825992
80,100,0.004622341316362418
80,101,0.003182046558365433
80,102,0.0001339809077206498
81,81,0.9802608128375334
81,82,0.0035308597138994815
81,83,0.0015905682330232902
81,84,0.003920935644196948
81,85,0.0030096375656571773
81,86,8.743081196322526e-05
81,87,7.061719427798963e-05
81,88,0.00017149890038940338
81,89,0.0003329096301676654
81,90,6.389174720389538e-05
81,91,1.3450894148188501e-05
81,92,0.0006725447074094251
81,93,1.3450894148188501e-05
81,95,1.6813617685235625e-05
81,96,5.3803576592754004e-05
81,97,2.017634122228275e-05
81,98,3.362723537047125e-05
81,100,4.371540598161263e-05
81,102,0.002142054893099019
81,104,7.734264135208387e-05
81,105,0.0001580480062412149
81,106,0.00043715405981612626
81,107,0.00017822434746349764
81,108,0.00012778349440779077
81,109,0.0003329096301676654
81,110,0.00019503796514873327
81,112,0.0003060078418712884
81,113,0.0004539676775013619
81,114,0.00038335048322337225
81,115,3.362723537047125e-05
81,116,2.017634122228275e-05
81,117,0.00014459711209302637
81,118,0.0002253024769821574
81,119,0.00014459711209302637
81,120,0.0001580480062412149
81,121,5.0440853055706875e-05
81,122,9.079353550027238e-05
81,123,0.00010424442964846088
81,124,9.079353550027238e-05
81,125,8.0705364889131e-05
81,126,3.0264511833424128e-05
81,127,4.371540598161263e-05
81,128,1.6813617685235625e-05
81,129,2.3539064759329876e-05
81,131,1.3450894148188501e-05
82,82,0.976288806607804
82,83,0.001708914839077186
82,84,0.0038450583879236686
82,85,0.002776986613500427
82,86,0.0006408430646539447
82,88,0.0004272287097692965
82,89,0.0007832526345770436
82,92,0.0005696382796923954
82,102,0.002563372258615779
82,104,0.0004272287097692965
82,106,0.000854457419538593
82,107,0.0004984334947308459
82,108,0.00035602392480774705
82,109,0.0004984334947308459
82,110,0.0004272287097692965
82,112,0.0006408430646539447
82,113,0.0009256622045001425
82,114,0.0007120478496154941
82,119,0.0004272287097692965
82,120,0.0007120478496154941
82,122,0.0005696382796923954
82,123,0.0004984334947308459
82,124,0.0002848191398461977
82,128,0.0004984334947308459
83,83,0.9876674289447893
83,84,0.0053903952956550144
83,85,0.001878471087879778
83,92,0.0009800718719372753
83,102,0.0010617445279320484
83,113,0.0003266906239790918
84,84,0.9906371139177191
84,85,0.0028448168063023634
84,86,6.252344629235963e-05
84,87,9.378516943853945e-05
84,88,0.00021883206202325873
84,89,0.0003751406777541578
84,90,6.252344629235963e-05
84,93,0.0005470801550581468
84,102,0.0016881330498937101
84,104,0.00010941603101162936
84,105,6.252344629235963e-05
84,106,0.00042203326247342753
84,107,0.00012504689258471927
84,108,0.00014067775415780917
84,109,0.000171939477303989
84,110,7.815430786544955e-05
84,112,0.0001875703388770789
84,113,0.00043766412404651746
84,114,0.0003126172314617982
84,115,7.815430786544955e-05
84,117,0.000171939477303989
84,118,0.0001563086157308991
84,119,0.00023446292359634863
84,120,0.00010941603101162936
84,124,6.252344629235963e-05
84,125,0.00012504689258471927
84,126,7.815430786544955e-05
85,85,0.970625820840319
85,86,0.005058480374026342
85,87,0.0019157554831579623
85,88,0.0035103727639368442
85,89,0.003807148757859581
85,90,0.00172085781550721
85,91,4.650967068938406e-05
85,92,0.0006666386132145048
85,93,1.9932716009736024e-05
85,95,8.858984893216012e-06
85,96,2.6576954679648033e-05
85,97,2.8791700902952034e-05
85,98,2.2147462233040028e-05
85,99,2.2147462233040028e-05
85,100,4.650967068938406e-05
85,101,1.3288477339824016e-05
85,110,0.006223436887484247
85,111,0.00014174375829145619
85,112,0.0009346229062342892
85,113,0.0007463694772534489
85,114,0.0011981777068074656
85,115,5.3153909359296066e-05
85,116,1.550322356312802e-05
85,117,0.0002546958156799603
85,118,0.00035435939572864045
85,119,0.0001638912205244962
85,120,0.00033885617216551243
85,121,0.00021704512988379227
85,122,0.00028791700902952035
85,123,0.00036100363439855245
85,124,0.00034771515705872845
85,125,0.00017275020541771222
85,126,0.00011073731116520014
85,127,0.00014838799696136818
85,128,0.00011516680361180814
85,129,0.00021483038366048825
85,130,1.7717969786432023e-05
85,131,3.5435939572864046e-05
86,86,0.9590357286692365
86,87,0.002761636269489673
86,88,0.003567113514757494
86,89,0.0033945112479143893
86,90,0.0038547839594960014
86,101,0.00023013635579080606
86,113,0.005062999827397733
86,115,0.0008630113342155227
86,116,0.0002876704447385076
86,117,0.003221908981071285
86,118,0.0034520453368620907
86,120,0.002243829468960359
86,122,0.002819170358437374
86,123,0.0012657499568494333
86,125,0.002243829468960359
86,126,0.0014383522236925377
86,127,0.0008630113342155227
86,128,0.0009780795121109257
86,129,0.0014958863126402393
86,131,0.0003452045336862091
87,87,0.963296597987542
87,88,0.005462386200287494
87,89,0.0068998562529947296
87,90,0.0037374221370388115
87,110,0.008912314326784859
87,112,0.0011499760421657883
87,113,0.0018207954000958313
87,114,0.0015333013895543843
87,117,0.0006708193579300432
87,118,0.0005749880210828941
87,119,0.0003833253473885961
87,120,0.0007666506947771922
87,122,0.0004791566842357451
87,123,0.0005749880210828941
87,124,0.0005749880210828941
87,125,0.0004791566842357451
87,127,0.0003833253473885961
87,128,0.0004791566842357451
87,129,0.0003833253473885961
88,88,0.9655639607090437
88,89,0.006379135147341087
88,90,0.0037258665462346166
88,92,0.0009032403748447555
88,111,0.010838884498137066
88,112,0.0016371231794061194
88,114,0.0020887433668284974
88,116,0.0018629332731173083
88,117,0.0007903353279891611
88,118,0.0008467878514169583
88,120,0.0009032403748447555
88,121,0.0002822626171389861
88,122,0.0007338828045613639
88,123,0.00045162018742237776
88,124,0.000508072710850175
88,125,0.00045162018742237776
88,126,0.0003387151405667833
88,127,0.0002822626171389861
88,128,0.000508072710850175
88,129,0.0003387151405667833
89,89,0.9818393545346161
89,91,0.002772617628302881
89,92,0.0008872376410569219
89,110,0.0058779493720021074
89,111,0.0005545235256605762
89,112,0.0011367732276041812
89,113,0.000720880583358749
89,114,0.0007763329359248066
89,115,0.00013863088141514404
89,116,0.00011090470513211523
89,117,0.00041589264424543213
89,118,0.0008317852884908643
89,119,0.0003049879391133169
89,120,0.0004990711730945186
89,121,0.00019408323398120166
89,122,0.00041589264424543213
89,123,0.0004990711730945186
89,124,0.00047134499681148975
89,125,0.0003327141153963457
89,126,0.0002495355865472593
89,127,0.00016635705769817285
89,128,0.00022180941026423047
89,129,0.00022180941026423047
90,90,0.9743774161647037
90,91,0.004944709161197518
90,110,0.006203362402229615
90,111,0.0005394228175851838
90,112,0.0008990380293086397
90,113,0.0014384608468938236
90,114,0.003056729299649375
90,116,0.0008091342263777758
90,117,0.0006293266205160479
90,118,0.0006293266205160479
90,120,0.0003596152117234559
90,122,0.0010788456351703676
90,123,0.0010788456351703676
90,124,0.0008091342263777758
90,125,0.0008990380293086397
90,128,0.0003596152117234559
90,129,0.0006293266205160479
91,91,0.9832214765100671
91,110,0.0050335570469798654
92,92,0.9876975403376332
92,93,0.0014600356713260609
92,94,0.0005682525198058816
92,95,0.0015554357293956615
92,96,0.0020448795055788296
92,97,0.0003733045750549587
92,98,0.0014973661288315567
92,99,0.0006760960637106475
92,100,0.0015678792152308268
92,101,4.147828611721764e-05
92,102,0.0007963830934505787
92,104,5.806960056410469e-05
92,105,0.00012028702973993115
92,106,9.12522294578788e-05
92,107,9.540005806960056e-05
92,108,7.466091501099175e-05
92,109,0.00010784354390476585
92,110,0.00010784354390476585
92,112,0.00014517400141026172
92,113,0.00017006097308059232
92,114,0.00020739143058608818
92,117,2.9034800282052344e-05
92,118,0.00010369571529304409
92,119,4.147828611721764e-05
92,120,5.3921771952382924e-05
92,121,1.6591314446887054e-05
92,122,5.806960056410469e-05
92,123,3.733045750549587e-05
92,124,2.073914305860882e-05
92,125,4.9773943340661167e-05
92,126,6.636525778754822e-05
93,93,0.977171099082137
93,95,0.0011767474699929394
93,96,0.006119086843963286
93,97,0.0009413979759943516
93,98,0.004706989879971758
93,102,0.0018827959519887032
93,109,0.0009413979759943516
93,114,0.0009413979759943516
94,94,0.9903961584633854
94,98,0.003001200480192077
95,95,0.976364522417154
95,96,0.003898635477582846
95,98,0.004873294346978557
95,99,0.003167641325536062
95,100,0.007066276803118908
95,101,0.0012183235867446393
96,96,0.9832210499555104
96,97,0.0006355662895640015
96,98,0.0035591712215584086
96,99,0.001652472352866404
96,100,0.005084530316512012
96,102,0.001652472352866404
97,97,0.9945146276595744
97,98,0.0028257978723404257
97,100,0.0009973404255319148
97,102,0.0009973404255319148
98,98,0.9916969382459782
98,99,0.001427088738972496
98,100,0.00233523611831863
98,102,0.001167618059159315
98,117,0.0006486766995329528
99,99,0.992870249017038
99,101,0.006867627785058977
100,100,0.9945144372777142
100,101,0.0037374163602387125
100,102,0.0006028090903610826
100,113,0.0003014045451805413
101,101,0.9997712717291857
102,102,0.9296708402536745
102,103,0.00012829359121500965
102,104,0.002801654640587238
102,105,0.005228830690600934
102,106,0.0017718385165099982
102,107,0.005131743648600386
102,108,0.0033564377377332255
102,109,0.009420910468410303
102,110,0.006071407519391403
102,111,0.00011789140814352238
102,112,0.0040083078768797615
102,113,0.009947954410698992
102,114,0.010208008987486174
102,115,0.00044382647771679015
102,116,0.00027392415421583145
102,117,0.0017545015447241862
102,118,0.0015915340099375522
102,119,0.0002496523937156945
102,120,0.0007801637303615452
102,121,0.00041261992850232833
102,122,0.0013904251372221317
102,123,0.0011338379547921123
102,124,0.0017267623898668868
102,125,0.00039528295671651623
102,126,0.00020110887271542055
102,127,0.0001490979573579842
102,128,0.00017336971785812116
102,129,0.0012447945742213098
102,130,7.628267585757332e-05
102,131,0.00013869577428649694
103,103,0.8939130434782608
103,107,0.01217391304347826
103,109,0.008695652173913044
103,110,0.008695652173913044
103,113,0.02608695652173913
103,114,0.01565217391304348
104,104,0.9183934337997847
104,105,0.0065258342303552205
104,106,0.0012109795479009688
104,107,0.006996770721205597
104,108,0.003969321851453176
104,109,0.009956942949407965
104,110,0.0073331539289558665
104,112,0.004238428417653391
104,114,0.012580731969860065
104,115,0.015473627556512378
104,116,0.0008745963401506997
104,117,0.0014128094725511303
104,118,0.0009418729817007535
104,119,0.00033638320775026913
104,120,0.001076426264800861
104,121,0.00033638320775026913
104,122,0.0017491926803013993
104,123,0.0008745963401506997
104,124,0.0020182992465016146
104,125,0.0006054897739504844
104,129,0.0022201291711517763
104,131,0.00026910656620021526
105,105,0.919211549139367
105,106,0.0011799000555247085
105,107,0.0053905237830834726
105,108,0.0034008883953359245
105,109,0.008675735702387562
105,110,0.005806959096798075
105,112,0.004210623727558763
105,118,0.020937442161761983
105,119,0.00016194706644456782
105,124,0.019387377382935406
105,125,0.0038404590042568944
105,126,0.0015963353692393116
105,127,0.0012955765315565426
105,128,0.0018970942069220804
105,129,0.002244123635017583
105,131,0.000694058856191005
106,106,0.9482860520094563
106,107,0.0026595744680851063
106,108,0.003486997635933806
106,109,0.006087470449172577
106,110,0.009278959810874704
106,113,0.005437352245862884
106,114,0.006146572104018913
106,115,0.0007092198581560284
106,117,0.000591016548463357
106,118,0.0018912529550827422
106,119,0.007446808510638298
106,120,0.0012411347517730497
106,121,0.000591016548463357
106,122,0.0010047281323877068
106,123,0.0004137115839243499
106,124,0.0022458628841607567
106,125,0.0003546099290780142
106,126,0.0005319148936170213
106,127,0.0003546099290780142
106,129,0.0007683215130023641
107,107,0.9404805852938215
107,108,0.002181427660502735
107,109,0.0074168540457093
107,110,0.0034399436184850826
107,111,8.390106386548981e-05
107,112,0.003205020639661711
107,117,0.017938047454441722
107,118,0.003104339363023123
107,119,0.00030204382991576333
107,120,0.0009564721280665839
107,123,0.013742994261167232
107,126,0.0002349229788233715
107,128,0.005117964895794878
107,129,0.001409537872940229
107,130,0.0002852636171426654
107,131,0.00010068127663858778
108,108,0.9331709014966934
108,109,0.009861932938856016
108,111,0.009107785125884673
108,112,0.004698920988513749
108,114,0.00980392156862745
108,116,0.010268012530455969
108,117,0.004756932358742314
108,118,0.004814943728970878
108,119,0.0003480682213713888
108,120,0.000870170553428472
108,121,0.000290056851142824
108,122,0.0012182387747998607
108,123,0.0022624434389140274
108,124,0.00435085276714236
108,125,0.000870170553428472
108,126,0.0004060795915999536
108,128,0.0010442046641141664
108,129,0.0013922728854855553
108,131,0.00023204548091425919
109,109,0.9650734533416098
109,110,0.002793296089385475
109,111,0.00024829298572315333
109,112,0.003207117732257397
109,113,0.008628181253879577
109,114,0.006083178150217256
109,115,0.0012207738464721704
109,116,0.0005379681357334989
109,117,0.0021725636250775914
109,118,0.0019035795572108422
109,119,0.00047589488930271055
109,120,0.00045520380715911445
109,121,0.00022760190357955722
109,122,0.0008276432857438444
109,123,0.0017380509000620731
109,124,0.0017173598179184772
109,125,0.0003931305607283261
109,126,0.00018621973929236498
109,127,0.0002069108214359611
109,128,0.0004138216428719222
109,129,0.0011173184357541898
109,130,0.00016552865714876888
109,131,0.0002069108214359611
110,110,0.946827584361369
110,111,0.005887232733013996
110,112,0.004254863657041933
110,113,0.008643528058016003
110,114,0.010115336241269502
110,115,0.00136476758810779
110,116,0.000321121785437127
110,117,0.004174583210682652
110,118,0.003987262169177661
110,119,0.0006957638684471086
110,120,0.0007760443148063903
110,121,0.00037464208300998155
110,122,0.00136476758810779
110,123,0.002970376515293425
110,124,0.0036661403837405337
110,125,0.0009633653563113811
110,126,0.0003478819342235543
110,127,0.00018732104150499077
110,128,0.000856324761165672
110,129,0.0017661698199041987
110,130,0.000107040595145709
110,131,0.0003478819342235543
111,111,0.9368794326241134
111,112,0.005673758865248227
111,114,0.013829787234042552
111,116,0.012411347517730497
111,117,0.004964539007092199
111,118,0.007446808510638298
111,122,0.0035460992907801418
111,123,0.003900709219858156
111,124,0.0028368794326241137
111,128,0.0017730496453900709
111,129,0.0035460992907801418
112,112,0.9473184895571304
112,119,0.0035216835084592277
112,120,0.01918958156650232
112,121,0.00800643964984404
112,122,0.001408673403383691
112,123,0.002846095243571131
112,126,0.006238410786413489
112,127,0.005879055326366628
112,128,0.001839899955439923
112,129,0.002889217898776754
112,130,0.00021561327602811597
112,131,0.0006468398280843479
113,113,0.9468393551264895
113,115,0.005161536991015102
113,116,0.003584400688204932
113,117,0.009255719110431403
113,118,0.009701777862741349
113,120,0.005894347798381444
113,122,0.013031287835340598
113,123,0.0011470082202255784
113,125,0.0024851844771554194
113,126,0.0005257121009367234
113,127,0.00015930669725355254
113,128,0.0002389600458803288
113,129,0.0015134136239087492
113,130,0.00025489071560568405
113,131,0.0002070987064296183
114,114,0.941981297557553
114,121,0.00525023287323228
114,122,0.016416050711926738
114,123,0.01158922371556803
114,124,0.01237554891547609
114,125,0.0024799487074023446
114,127,0.0009072983075862236
114,128,0.0013790934275310599
114,129,0.006230115045425402
114,130,0.0006290601599264484
114,131,0.0007621305783724278
115,115,0.9460654288240495
115,116,0.004420866489832007
115,117,0.009902740937223696
115,118,0.009195402298850575
115,120,0.005658709106984969
115,122,0.015030946065428824
115,123,0.0017683465959328027
115,125,0.0022988505747126436
115,126,0.0008841732979664014
115,128,0.0007073386383731211
115,129,0.0019451812555260832
115,131,0.0015915119363395225
116,116,0.9465116279069767
116,117,0.01214470284237726
116,118,0.008527131782945736
116,120,0.006459948320413436
116,122,0.019896640826873386
116,123,0.0015503875968992248
116,125,0.0015503875968992248
116,129,0.002325581395348837
117,117,0.9674410462877291
117,118,0.00775213183625497
117,120,0.004626272224861837
117,123,0.0157043186876391
117,126,0.0003000825226937408
117,128,0.00197554327440046
117,129,0.0017254745054890094
117,130,0.0003250893995848858
117,131,0.0001500412613468704
118,118,0.9657373060508156
118,125,0.017729647800247297
118,126,0.007199553268716844
118,127,0.0010370547644689082
118,128,0.005564197678592796
118,129,0.002034222807227474
118,130,9.971680427585657e-05
118,131,0.0005983008256551394
119,119,0.9515728476821192
119,120,0.0173841059602649
119,121,0.009933774834437087
119,122,0.0011037527593818985
119,123,0.0019315673289183224
119,126,0.0063465783664459164
119,127,0.006208609271523178
119,128,0.0011037527593818985
119,129,0.0034492273730684325
119,131,0.0005518763796909492
120,120,0.9636704119850187
120,122,0.010112359550561797
120,123,0.005393258426966292
120,126,0.012434456928838952
120,127,0.0021722846441947566
120,128,0.0014606741573033708
120,129,0.0034082397003745318
120,130,0.0005243445692883895
120,131,0.0008239700374531835
121,121,0.9306962025316455
121,122,0.020174050632911392
121,123,0.011946202531645569
121,127,0.019620253164556962
121,128,0.001977848101265823
121,129,0.012579113924050632
121,130,0.001028481012658228
121,131,0.001977848101265823
122,122,0.9551195030647085
122,123,0.014151137438808671
122,125,0.012917026615656753
122,127,0.005224402484676457
122,128,0.0011518367682751243
122,129,0.008967871981570612
122,130,0.001234110823151919
122,131,0.001234110823151919
123,123,0.9797861774843722
123,128,0.013466144768358942
123,129,0.0053455628906934624
123,130,0.0007886896068236256
123,131,0.0006134252497517088
124,124,0.945292794328175
124,125,0.02399618242552321
124,127,0.008350944167973277
124,128,0.012645715454359534
124,129,0.0076010634671756765
124,130,0.00040902583679869114
124,131,0.0017042743199945462
125,125,0.9701839303000968
125,127,0.00861568247821878
125,128,0.012487899322362052
125,129,0.006147144240077444
125,130,0.0006776379477250726
125,131,0.0018877057115198452
126,126,0.96347757046447
126,127,0.02167526796347757
126,128,0.008019055180627233
126,129,0.004684398570861453
126,131,0.0019055180627233028
127,127,0.9677048119110984
127,128,0.013378407537941452
127,129,0.01366611522692944
127,130,0.0005754153779759764
127,131,0.0046752499460548085
128,128,0.9888980748789418
128,129,0.0072634935632455416
128,130,0.0011810558639423646
128,131,0.00265737569387032
129,129,0.9865994794839138
129,130,0.005592779223655795
129,131,0.007807741292430367
130,130,0.9945280437756497
130,131,0.005471956224350205
131,131,1.0
