source,target,value
0,0,0.9395542943701831
0,1,0.0016113917622877323
0,2,0.00010075113713928091
0,3,9.051941544016223e-05
0,4,7.029958446333245e-05
0,5,9.379078224192127e-05
0,6,7.235288915805354e-05
0,7,8.178417004397586e-05
0,8,7.760795710556008e-05
0,9,8.693483266802201e-05
0,10,9.873263421904661e-05
0,11,0.00011724717824602329
0,12,0.00014982163916566643
0,13,9.250311658590973e-05
0,14,0.00012424233491786972
0,15,8.463791555189333e-05
0,16,0.00015006525158707402
0,17,0.0001207969592436767
0,18,0.0001562947692202109
0,19,8.554276168855008e-05
0,20,0.00012187581425276745
0,21,0.00016395115960730653
0,22,0.00025043356920700016
0,23,0.00021208201372254848
0,24,0.00014338331088560875
0,25,0.00018455381010349108
0,26,0.0002788318171882275
0,27,0.00021270844566331087
0,28,0.00024632695981755795
0,29,0.00024751022015010913
0,30,0.0002830080301266433
0,31,0.0003127635473128558
0,32,0.0002708622108307507
0,33,0.0004566688848157665
0,34,0.0003781560815735497
0,35,0.0006461297451218962
0,36,0.0003406397686767812
0,37,0.00035118470634628104
0,38,0.0004883733013732397
0,39,0.0004261129268163577
0,40,0.0006569878987617772
0,41,0.0005721411725629631
0,42,0.0006394478044204309
0,43,0.0005841825865353953
0,44,0.0008237232003280277
0,45,0.000995817975165245
0,46,0.0008228183541913709
0,47,0.0008268553600318394
0,48,0.0008884893026479591
0,49,0.0011487717740347233
0,50,6.438328280057675e-05
0,51,0.0011412893925200616
0,52,0.0011252109727071609
0,53,0.0012401612338370554
0,54,5.9163016627557013e-05
0,55,0.0011097241830605356
0,56,0.0012796264461050846
0,57,0.0011903250927719604
0,58,0.001325634391976632
0,59,0.0014105507217244196
0,60,0.00021434412906419037
0,61,0.001364438370529412
0,62,0.0015825758930126633
0,63,0.0013446013590719369
0,64,6.908152235629452e-05
0,65,0.0016699631487490138
0,66,5.0601780103804646e-05
0,67,0.0018805486861686298
0,68,0.0015272410715786542
0,69,0.00029390098554101115
0,70,0.001614871939736412
0,71,4.266697552081465e-05
0,72,8.164496294602868e-05
0,73,5.34903273862089e-05
0,74,9.476523192755162e-05
0,75,0.0015343754353484478
0,76,7.816478549734885e-05
0,77,0.00028631419870288913
0,78,0.0017345552421965111
0,79,4.6495170714362454e-05
0,80,7.53110399894314e-05
0,81,8.12969452011607e-05
0,82,9.69577437202199e-05
0,83,0.0026454916893884554
0,84,0.002051669011320217
0,85,7.823438904632244e-05
0,86,9.751457211200868e-05
0,87,0.00011602911613898535
0,88,0.000400881640313429
0,89,3.619384546627017e-05
0,90,4.329340746157701e-05
0,91,0.00012573881122080206
0,92,0.0023695484194826318
0,93,0.0021324787316785625
0,94,7.656390387095613e-05
0,95,5.8327774039873855e-05
0,96,7.799077662491487e-05
0,97,0.0001246947579861981
0,98,0.0001324903554712409
0,99,0.00177304600477891
0,100,0.0001548330946917654
0,101,4.7574025723453196e-05
0,102,7.830399259529605e-05
0,103,0.00010457933233282871
0,104,0.00010426611636244753
0,105,0.00015410225742754262
0,106,0.0001640903667052537
0,107,0.00019433310873428138
0,108,0.0002857573703111004
0,109,0.00025304370229351
0,110,5.773614387359829e-05
0,111,7.583306660673337e-05
0,112,7.993967599617556e-05
0,113,2.1542298407328112e-05
0,114,4.329340746157701e-05
0,115,6.855949573899253e-05
0,116,0.0001028392436084888
0,117,0.00011237492981787152
0,118,0.00012288506571288458
0,119,0.0001625938904023214
0,120,0.00022454104898882225
0,121,0.00031057103552018753
0,122,0.00035195034538499064
0,123,0.0004342913438207553
0,124,5.1437022691487804e-05
0,125,0.0003928772321814654
0,126,0.00011446303628707943
0,127,3.76207182202289e-05
0,128,9.069342431259622e-05
0,129,0.000221652501706418
0,130,0.00021246483324190328
0,131,7.009077381641167e-05
1,1,0.9231156921070056
1,2,0.0001630579794645769
1,3,0.00018776373392890671
1,4,7.411726339298949e-05
1,5,0.00018282258303604074
1,6,5.435265982152563e-05
1,7,4.9411508928659664e-05
1,8,5.435265982152563e-05
1,9,0.00019764603571463866
1,10,0.0001630579794645769
1,11,0.00022235179017896848
1,12,0.00045952703303653487
1,13,0.00020258718660750463
1,14,0.0002519986955361643
1,15,0.00012846992321451512
1,16,0.0005237619946437924
1,17,0.00019270488482177268
1,18,0.00040517437321500925
1,19,0.00017294028125030883
1,20,0.00012846992321451512
1,21,0.00019270488482177268
1,22,0.0007461137848227609
1,23,0.0003359982607148857
1,24,0.0004545858821436689
1,25,0.00017294028125030883
1,26,0.00029152790267909204
1,27,0.00018776373392890671
1,28,0.0009338775187516677
1,29,0.00022235179017896848
1,30,0.0003359982607148857
1,31,0.0004249389767864731
1,32,0.0002470575446432983
1,33,0.0010771708946447807
1,34,0.0004891739383937306
1,35,0.0012451700250022235
1,36,0.0003409394116077517
1,37,0.0002470575446432983
1,38,0.001042582838394719
1,39,0.0004249389767864731
1,40,0.0010574062910733168
1,41,0.0015119921732169857
1,42,0.00040517437321500925
1,43,0.0006522319178583076
1,44,0.0010821120455376467
1,45,0.0011562293089306362
1,46,0.0007510549357156269
1,47,0.0007856429919656887
1,48,0.0008943483116087399
1,49,0.0012303465723236256
1,50,4.9411508928659664e-05
1,51,0.00202093071518218
1,52,0.0011018766491091105
1,53,0.002460693144647251
1,54,0.0001630579794645769
1,55,0.001012935933037523
1,56,0.0015416390785741815
1,57,0.0009832890276803273
1,58,0.0014131691553596665
1,59,0.001314346137502347
1,60,0.00017294028125030883
1,61,0.001012935933037523
1,62,0.0018035200758960777
1,63,0.0011018766491091105
1,64,7.905841428585546e-05
1,65,0.0013835222500024706
1,66,5.92938107143916e-05
1,67,0.002786809103576405
1,68,0.0017244616616102222
1,69,0.00035082171339348363
1,70,0.0025249281062545087
1,71,0.0001334110741073811
1,72,0.00020258718660750463
1,73,0.00018282258303604074
1,74,0.0003607040151792155
1,75,0.001447757211609728
1,76,9.388186696445336e-05
1,77,0.0002816456008933601
1,78,0.0015712859839313773
1,79,7.411726339298949e-05
1,80,4.9411508928659664e-05
1,81,7.411726339298949e-05
1,82,0.0001185876214287832
1,83,0.002638574576790426
1,84,0.0025199869553616428
1,85,0.0001185876214287832
1,86,0.0001334110741073811
1,87,7.905841428585546e-05
1,88,0.00038540976964354537
1,89,5.92938107143916e-05
1,90,5.92938107143916e-05
1,91,9.882301785731933e-05
1,92,0.003681157415185145
1,93,0.0035279817375063
1,94,0.00022235179017896848
1,95,9.388186696445336e-05
1,96,0.00021246948839323654
1,97,0.00031623365714342184
1,98,0.00016799913035744286
1,99,0.002188929845539623
1,100,0.00038540976964354537
1,101,0.00010870531964305126
1,102,0.0001334110741073811
1,103,0.0002174106392861025
1,104,0.00021246948839323654
1,105,0.00031129250625055587
1,106,0.00041999782589360716
1,107,0.0006472907669654416
1,108,0.0004743504857151328
1,109,0.0005287031455366584
1,110,8.89407160715874e-05
1,111,0.0001630579794645769
1,112,8.399956517872143e-05
1,113,2.4705754464329832e-05
1,114,5.435265982152563e-05
1,115,9.882301785731933e-05
1,116,0.0001630579794645769
1,117,0.00017294028125030883
1,118,7.905841428585546e-05
1,119,0.00028658675178622607
1,120,0.0002470575446432983
1,121,0.00045952703303653487
1,122,0.0004249389767864731
1,123,0.0004694093348222668
1,124,0.00013835222500024706
1,125,0.000736231483037029
1,126,0.0001630579794645769
1,127,7.905841428585546e-05
1,128,0.00013835222500024706
1,129,0.0002075283375003706
1,130,0.0001778814321431748
1,131,7.905841428585546e-05
2,2,0.9016995865870464
2,12,0.0009186954524575103
2,17,0.0007349563619660083
2,21,0.00045934772622875517
2,22,0.0008268259072117593
2,23,0.00036747818098300416
2,25,0.0005512172714745062
2,26,0.0010105649977032614
2,33,0.00045934772622875517
2,34,0.00036747818098300416
2,35,0.0014699127239320166
2,39,0.00036747818098300416
2,40,0.0016536518144235185
2,42,0.0006430868167202572
2,44,0.0011024345429490124
2,45,0.0021129995406522738
2,46,0.00045934772622875517
2,47,0.00045934772622875517
2,48,0.0042259990813045475
2,49,0.002388608176389527
2,51,0.0009186954524575103
2,52,0.0010105649977032614
2,53,0.002480477721635278
2,55,0.0006430868167202572
2,56,0.0018373909049150207
2,58,0.002480477721635278
2,59,0.0029398254478640333
2,60,0.00036747818098300416
2,61,0.00036747818098300416
2,62,0.0022048690858980247
2,65,0.0022048690858980247
2,67,0.002847955902618282
2,68,0.0011943040881947635
2,70,0.0013780431786862655
2,75,0.0009186954524575103
2,77,0.00045934772622875517
2,78,0.0005512172714745062
2,83,0.0036747818098300414
2,84,0.007257694074414332
2,85,0.0007349563619660083
2,88,0.0011024345429490124
2,92,0.006982085438677079
2,93,0.00532843362425356
2,94,0.0005512172714745062
2,97,0.00036747818098300416
2,99,0.004777216352779054
2,100,0.0006430868167202572
2,102,0.00036747818098300416
2,103,0.0008268259072117593
2,104,0.00045934772622875517
2,105,0.0005512172714745062
2,106,0.0008268259072117593
2,107,0.0017455213596692697
2,108,0.0005512172714745062
2,109,0.0015617822691777676
2,111,0.0006430868167202572
2,114,0.00045934772622875517
2,115,0.00045934772622875517
2,116,0.0006430868167202572
2,119,0.0006430868167202572
2,120,0.00036747818098300416
2,121,0.00045934772622875517
2,122,0.0006430868167202572
2,123,0.0010105649977032614
2,125,0.0011024345429490124
2,129,0.00045934772622875517
2,130,0.00045934772622875517
3,3,0.899222679469593
3,5,0.0004572473708276177
3,10,0.0007315957933241884
3,12,0.0004572473708276177
3,16,0.0003657978966620942
3,17,0.0005486968449931413
3,22,0.0005486968449931413
3,23,0.0010973936899862826
3,24,0.0005486968449931413
3,25,0.0003657978966620942
3,26,0.0009144947416552355
3,31,0.0004572473708276177
3,33,0.0004572473708276177
3,34,0.0005486968449931413
3,35,0.0025605852766346594
3,36,0.0003657978966620942
3,38,0.0005486968449931413
3,39,0.0007315957933241884
3,40,0.0015546410608139004
3,41,0.0008230452674897119
3,44,0.0004572473708276177
3,45,0.002011888431641518
3,46,0.0008230452674897119
3,47,0.001005944215820759
3,48,0.0014631915866483768
3,49,0.0014631915866483768
3,51,0.001188843164151806
3,52,0.001188843164151806
3,53,0.003017832647462277
3,55,0.0009144947416552355
3,56,0.0016460905349794238
3,57,0.0003657978966620942
3,58,0.003932327389117513
3,59,0.001828989483310471
3,60,0.0007315957933241884
3,61,0.0006401463191586648
3,62,0.004755372656607224
3,63,0.0007315957933241884
3,65,0.001188843164151806
3,67,0.003200731595793324
3,68,0.002011888431641518
3,70,0.0008230452674897119
3,75,0.002652034750800183
3,78,0.0009144947416552355
3,83,0.007133058984910837
3,84,0.004663923182441701
3,87,0.0005486968449931413
3,88,0.0016460905349794238
3,92,0.005578417924096937
3,93,0.005212620027434842
3,96,0.0006401463191586648
3,97,0.0003657978966620942
3,99,0.0049382716049382715
3,100,0.0005486968449931413
3,106,0.0004572473708276177
3,107,0.0004572473708276177
3,108,0.0010973936899862826
3,109,0.001005944215820759
3,112,0.0005486968449931413
3,117,0.0005486968449931413
3,120,0.0006401463191586648
3,121,0.0005486968449931413
3,122,0.0005486968449931413
3,123,0.001005944215820759
3,125,0.001188843164151806
3,127,0.0003657978966620942
3,129,0.0004572473708276177
3,130,0.0003657978966620942
4,4,0.94908602705773
4,10,0.00041309511515026334
4,21,0.00041309511515026334
4,26,0.00041309511515026334
4,29,0.00041309511515026334
4,33,0.000619642672725395
4,35,0.0005163688939378292
4,36,0.00041309511515026334
4,37,0.000619642672725395
4,39,0.00041309511515026334
4,40,0.000619642672725395
4,41,0.00041309511515026334
4,42,0.0005163688939378292
4,44,0.0009294640090880925
4,46,0.0008261902303005267
4,47,0.0008261902303005267
4,48,0.0007229164515129609
4,49,0.000619642672725395
4,51,0.0013425591242383558
4,52,0.000619642672725395
4,53,0.0013425591242383558
4,55,0.003924403593927502
4,56,0.0015491066818134876
4,58,0.0014458329030259218
4,59,0.000619642672725395
4,61,0.0010327377878756583
4,62,0.0017556542393886193
4,63,0.0011360115666632243
4,65,0.00247857069090158
4,67,0.001858928018176185
4,68,0.0007229164515129609
4,70,0.001962201796963751
4,75,0.0017556542393886193
4,78,0.0011360115666632243
4,83,0.00247857069090158
4,84,0.00123928534545079
4,92,0.0021687493545388824
4,93,0.0009294640090880925
4,99,0.0015491066818134876
4,123,0.00041309511515026334
4,125,0.00041309511515026334
5,5,0.9328612158557895
5,11,0.00036788374873539964
5,18,0.0006437965602869493
5,30,0.0006437965602869493
5,31,0.0005518256231030994
5,32,0.0007357674974707993
5,33,0.000919709371838499
5,34,0.0005518256231030994
5,35,0.000919709371838499
5,37,0.0006437965602869493
5,38,0.0006437965602869493
5,39,0.0012875931205738986
5,40,0.0011036512462061989
5,41,0.0006437965602869493
5,44,0.001011680309022349
5,45,0.00036788374873539964
5,46,0.0004598546859192495
5,47,0.001011680309022349
5,48,0.0006437965602869493
5,49,0.0006437965602869493
5,51,0.0022992734295962476
5,52,0.0011036512462061989
5,53,0.0019313896808608479
5,55,0.0008277384346546491
5,56,0.004138692173273246
5,57,0.0013795640577577485
5,58,0.000919709371838499
5,59,0.000919709371838499
5,61,0.0011036512462061989
5,62,0.0017474478064931482
5,63,0.001011680309022349
5,65,0.004690517796376345
5,67,0.002023360618044698
5,68,0.0017474478064931482
5,69,0.0005518256231030994
5,70,0.0017474478064931482
5,75,0.0015635059321254484
5,77,0.0004598546859192495
5,78,0.0012875931205738986
5,83,0.002575186241147797
5,84,0.0016554768693092983
5,91,0.0005518256231030994
5,92,0.0022992734295962476
5,93,0.0015635059321254484
5,97,0.0005518256231030994
5,99,0.0019313896808608479
5,100,0.00036788374873539964
5,107,0.0004598546859192495
5,111,0.0005518256231030994
5,120,0.00036788374873539964
5,121,0.0004598546859192495
5,122,0.0004598546859192495
5,123,0.00036788374873539964
6,6,0.9480968858131488
6,18,0.0005931784478497281
6,25,0.0009886307464162135
6,27,0.0003954522985664854
6,31,0.0003954522985664854
6,34,0.0003954522985664854
6,35,0.0008897676717745922
6,37,0.0004943153732081067
6,38,0.0005931784478497281
6,39,0.0003954522985664854
6,40,0.0008897676717745922
6,41,0.0006920415224913495
6,44,0.0004943153732081067
6,45,0.0009886307464162135
6,46,0.0008897676717745922
6,47,0.0005931784478497281
6,48,0.0008897676717745922
6,49,0.0015818091942659417
6,51,0.0015818091942659417
6,52,0.0011863568956994562
6,53,0.0008897676717745922
6,55,0.0004943153732081067
6,56,0.0011863568956994562
6,57,0.0011863568956994562
6,58,0.001384083044982699
6,59,0.0012852199703410777
6,61,0.0009886307464162135
6,62,0.0023727137913989124
6,63,0.0012852199703410777
6,65,0.0016806722689075631
6,67,0.0018783984181908056
6,68,0.0012852199703410777
6,70,0.0009886307464162135
6,75,0.0014829461196243204
6,78,0.0016806722689075631
6,83,0.0018783984181908056
6,84,0.0009886307464162135
6,92,0.0016806722689075631
6,93,0.0020761245674740486
6,99,0.0018783984181908056
6,123,0.0006920415224913495
7,7,0.9391319846715979
7,9,0.00035647446751626416
7,20,0.0006238303181534623
7,22,0.0004455930843953302
7,27,0.0006238303181534623
7,30,0.00035647446751626416
7,31,0.0018714909544603868
7,35,0.0004455930843953302
7,38,0.0004455930843953302
7,40,0.0011585420194278584
7,41,0.0004455930843953302
7,42,0.0008911861687906604
7,43,0.0012476606363069245
7,44,0.0004455930843953302
7,45,0.0009803047856697263
7,47,0.0008020675519115943
7,48,0.0005347117012743962
7,49,0.003297388824525443
7,51,0.0008911861687906604
7,52,0.0010694234025487924
7,53,0.0008911861687906604
7,55,0.0015150164869441227
7,56,0.0007129489350325283
7,57,0.0019606095713394526
7,58,0.0009803047856697263
7,59,0.0008911861687906604
7,61,0.0007129489350325283
7,62,0.0010694234025487924
7,63,0.0010694234025487924
7,65,0.0016041351038231886
7,67,0.002317084038855717
7,68,0.002584439889492915
7,69,0.0006238303181534623
7,70,0.0016932537207022546
7,75,0.0008911861687906604
7,78,0.003297388824525443
7,81,0.0005347117012743962
7,83,0.0021388468050975848
7,84,0.0015150164869441227
7,92,0.002495321272613849
7,93,0.0037429819089207735
7,95,0.00035647446751626416
7,99,0.0016041351038231886
7,106,0.00035647446751626416
7,108,0.0004455930843953302
7,122,0.00035647446751626416
8,8,0.9320479221265444
8,10,0.0005615874204417821
8,30,0.0011231748408835642
8,32,0.00177836016473231
8,33,0.0004679895170348184
8,34,0.0004679895170348184
8,35,0.0009359790340696368
8,38,0.0009359790340696368
8,39,0.0004679895170348184
8,40,0.0006551853238487457
8,44,0.0005615874204417821
8,45,0.0007487832272557095
8,46,0.0007487832272557095
8,48,0.0011231748408835642
8,49,0.0010295769374766006
8,51,0.0013103706476974915
8,52,0.001216772744290528
8,53,0.0009359790340696368
8,55,0.0006551853238487457
8,56,0.00355672032946462
8,58,0.0015911643579183826
8,59,0.0009359790340696368
8,61,0.0005615874204417821
8,62,0.0020591538749532012
8,63,0.0009359790340696368
8,65,0.0025271433919880197
8,67,0.0015911643579183826
8,68,0.0004679895170348184
8,70,0.0009359790340696368
8,75,0.0045862972669412205
8,77,0.0005615874204417821
8,78,0.0004679895170348184
8,83,0.002995132909022838
8,84,0.0018719580681392737
8,88,0.0005615874204417821
8,92,0.008236615499812805
8,93,0.0013103706476974915
8,99,0.003275926619243729
8,102,0.0004679895170348184
8,103,0.00037439161362785476
8,104,0.00037439161362785476
8,105,0.0008423811306626732
8,107,0.00037439161362785476
8,108,0.0005615874204417821
8,109,0.0004679895170348184
8,118,0.0005615874204417821
8,119,0.0007487832272557095
8,121,0.0004679895170348184
8,123,0.00037439161362785476
9,9,0.9420014477017734
9,27,0.0004524068041983351
9,28,0.002171552660152009
9,31,0.0004524068041983351
9,34,0.0005428881650380022
9,35,0.0006333695258776692
9,37,0.0003619254433586681
9,38,0.0025334781035106766
9,40,0.0006333695258776692
9,41,0.0066956207021353605
9,42,0.0006333695258776692
9,43,0.0007238508867173362
9,46,0.0009952949692363373
9,49,0.0009048136083966703
9,51,0.0017191458559536734
9,53,0.0015381831342743395
9,55,0.0018096272167933405
9,57,0.0010857763300760044
9,58,0.0009952949692363373
9,61,0.0018096272167933405
9,62,0.0007238508867173362
9,63,0.0017191458559536734
9,65,0.0011762576909156715
9,67,0.003709735794426348
9,68,0.002352515381831343
9,70,0.006333695258776692
9,71,0.0003619254433586681
9,72,0.0006333695258776692
9,74,0.0011762576909156715
9,75,0.0010857763300760044
9,78,0.0026239594643503437
9,82,0.0003619254433586681
9,83,0.0010857763300760044
9,84,0.0006333695258776692
9,93,0.0015381831342743395
10,10,0.9325396825396826
10,12,0.00030525030525030525
10,16,0.00038156288156288156
10,21,0.00030525030525030525
10,22,0.0004578754578754579
10,23,0.0005341880341880342
10,26,0.0009157509157509158
10,27,0.00038156288156288156
10,31,0.0004578754578754579
10,32,0.0006105006105006105
10,33,0.0010683760683760685
10,34,0.0006868131868131869
10,35,0.0006868131868131869
10,36,0.0008394383394383395
10,38,0.00038156288156288156
10,39,0.0004578754578754579
10,40,0.00144993894993895
10,41,0.0005341880341880342
10,42,0.0006868131868131869
10,43,0.0007631257631257631
10,44,0.0010683760683760685
10,45,0.0005341880341880342
10,46,0.00030525030525030525
10,47,0.0007631257631257631
10,48,0.001221001221001221
10,49,0.000992063492063492
10,51,0.001221001221001221
10,52,0.0005341880341880342
10,53,0.001678876678876679
10,55,0.001678876678876679
10,56,0.0012973137973137973
10,57,0.0007631257631257631
10,58,0.0016025641025641025
10,59,0.0008394383394383395
10,61,0.0006868131868131869
10,62,0.002213064713064713
10,63,0.000992063492063492
10,65,0.0025946275946275945
10,67,0.0035866910866910865
10,68,0.0018315018315018315
10,70,0.001678876678876679
10,75,0.0019078144078144078
10,78,0.0010683760683760685
10,83,0.0030525030525030525
10,84,0.0025946275946275945
10,88,0.00030525030525030525
10,91,0.00030525030525030525
10,92,0.0025183150183150185
10,93,0.001984126984126984
10,99,0.002136752136752137
10,107,0.0005341880341880342
10,108,0.0006868131868131869
10,109,0.00030525030525030525
10,110,0.00030525030525030525
10,115,0.00038156288156288156
10,121,0.0007631257631257631
10,122,0.0006105006105006105
10,123,0.000992063492063492
10,125,0.00038156288156288156
10,129,0.00038156288156288156
11,11,0.9153682247969104
11,12,0.00026634705020641894
11,14,0.0004661073378612332
11,16,0.00039952057530962844
11,18,0.00026634705020641894
11,22,0.0007324543880676521
11,26,0.00039952057530962844
11,30,0.00026634705020641894
11,31,0.0011985617259288853
11,33,0.0007990411506192569
11,34,0.0005992808629644426
11,35,0.0016646690637901185
11,37,0.0004661073378612332
11,38,0.00039952057530962844
11,39,0.0005992808629644426
11,40,0.0010653882008256758
11,41,0.0011319749633772805
11,42,0.0003329338127580237
11,43,0.0003329338127580237
11,44,0.0037954454654414702
11,45,0.0010653882008256758
11,46,0.0008656279131708616
11,47,0.0011985617259288853
11,48,0.0010653882008256758
11,49,0.0010653882008256758
11,51,0.0015980823012385138
11,52,0.0017312558263417232
11,53,0.0029298175522706085
11,55,0.0013317352510320948
11,56,0.0007324543880676521
11,57,0.0006658676255160474
11,58,0.00126514848848049
11,59,0.000998801438274071
11,61,0.001531495538686909
11,62,0.001531495538686909
11,63,0.0008656279131708616
11,65,0.0013317352510320948
11,67,0.006858436542815288
11,68,0.0015980823012385138
11,69,0.0003329338127580237
11,70,0.004860833666267146
11,73,0.0005992808629644426
11,74,0.00026634705020641894
11,75,0.0011319749633772805
11,78,0.0009322146757224664
11,83,0.0020641896390997468
11,84,0.003995205753096284
11,86,0.00039952057530962844
11,87,0.0004661073378612332
11,88,0.0010653882008256758
11,91,0.00026634705020641894
11,92,0.004061792515647889
11,93,0.0031295778399254228
11,94,0.00026634705020641894
11,97,0.00039952057530962844
11,99,0.003062991077373818
11,100,0.00039952057530962844
11,102,0.00026634705020641894
11,103,0.00026634705020641894
11,104,0.00039952057530962844
11,105,0.0007324543880676521
11,107,0.0005326941004128379
11,108,0.0003329338127580237
11,109,0.0007324543880676521
11,112,0.00026634705020641894
11,116,0.00026634705020641894
11,121,0.0007990411506192569
11,122,0.0005326941004128379
11,123,0.0008656279131708616
11,125,0.0004661073378612332
11,126,0.00026634705020641894
11,129,0.00026634705020641894
12,12,0.909322672228982
12,16,0.0004055854916275566
12,18,0.0005794078451822238
12,19,0.0002317631380728895
12,21,0.0004055854916275566
12,22,0.0004055854916275566
12,23,0.000463526276145779
12,26,0.0005794078451822238
12,28,0.0003476447071093343
12,30,0.0002897039225911119
12,31,0.0002317631380728895
12,33,0.000463526276145779
12,35,0.0008691117677733357
12,36,0.0004055854916275566
12,37,0.0002317631380728895
12,38,0.0005214670606640013
12,39,0.0004055854916275566
12,40,0.00121675647488267
12,41,0.0006373486297004461
12,42,0.0015644011819920041
12,43,0.000927052552291558
12,44,0.0002317631380728895
12,45,0.0004055854916275566
12,46,0.0006373486297004461
12,47,0.0006373486297004461
12,48,0.0006952894142186686
12,49,0.009444347876470248
12,50,0.0006373486297004461
12,51,0.001680282751028449
12,52,0.0005214670606640013
12,53,0.0017382235355466714
12,55,0.0006373486297004461
12,56,0.0012746972594008922
12,57,0.00121675647488267
12,58,0.00121675647488267
12,59,0.0013326380439191146
12,61,0.000463526276145779
12,62,0.0014485196129555595
12,63,0.00121675647488267
12,65,0.0010429341213280027
12,67,0.0022017498116924505
12,68,0.0016223419665102265
12,69,0.0006952894142186686
12,70,0.00243351294976534
12,72,0.0002897039225911119
12,75,0.0007532301987368909
12,77,0.0002317631380728895
12,78,0.003882032562720899
12,80,0.0002897039225911119
12,82,0.0002897039225911119
12,83,0.002607335303320007
12,84,0.0034764470710933427
12,85,0.0011008749058462252
12,86,0.0004055854916275566
12,88,0.0006952894142186686
12,92,0.005388492960194681
12,97,0.0082855321861058
12,98,0.0007532301987368909
12,99,0.0017961643200648937
12,100,0.0002897039225911119
12,102,0.0002317631380728895
12,105,0.000463526276145779
12,106,0.000463526276145779
12,107,0.0013326380439191146
12,109,0.0008691117677733357
12,115,0.004693203545976013
12,116,0.0006952894142186686
12,119,0.0004055854916275566
12,120,0.0003476447071093343
12,121,0.000463526276145779
12,122,0.000463526276145779
12,123,0.0006952894142186686
12,125,0.0005794078451822238
12,126,0.000463526276145779
12,130,0.0002317631380728895
13,13,0.9318235806477155
13,16,0.00031673133264708213
13,17,0.00039591416580885263
13,18,0.0007918283316177053
13,21,0.00039591416580885263
13,23,0.00031673133264708213
13,29,0.001029376831103017
13,30,0.0004750969989706232
13,32,0.00039591416580885263
13,33,0.0005542798321323937
13,34,0.0008710111647794759
13,35,0.0007126454984559348
13,36,0.0004750969989706232
13,37,0.00039591416580885263
13,38,0.0008710111647794759
13,39,0.00039591416580885263
13,40,0.002058753662206034
13,41,0.0004750969989706232
13,44,0.0007918283316177053
13,45,0.001187742497426558
13,47,0.0006334626652941643
13,48,0.001346108163750099
13,49,0.0004750969989706232
13,51,0.0024546678280148865
13,52,0.0012669253305883285
13,53,0.010214585477868398
13,55,0.0017420223295589517
13,56,0.001346108163750099
13,57,0.00039591416580885263
13,58,0.0015044738300736401
13,59,0.0007918283316177053
13,61,0.0005542798321323937
13,62,0.0016628394963971811
13,63,0.00039591416580885263
13,65,0.0019003879958824927
13,67,0.0033256789927943622
13,68,0.0012669253305883285
13,70,0.001346108163750099
13,75,0.0022171193285295747
13,77,0.0004750969989706232
13,78,0.0008710111647794759
13,83,0.0015044738300736401
13,84,0.0007918283316177053
13,92,0.0019003879958824927
13,93,0.0038007759917649854
13,94,0.00031673133264708213
13,96,0.0012669253305883285
13,97,0.0004750969989706232
13,99,0.0015044738300736401
13,100,0.00039591416580885263
13,108,0.00039591416580885263
13,111,0.00039591416580885263
14,14,0.9111223330387578
14,16,0.0005049867440979674
14,17,0.00031561671506122964
14,22,0.0015780835753061483
14,23,0.0006312334301224593
14,28,0.0003787400580734756
14,30,0.0002524933720489837
14,31,0.0007574801161469512
14,32,0.00031561671506122964
14,33,0.0012624668602449186
14,34,0.0003787400580734756
14,35,0.0018937002903673778
14,37,0.0002524933720489837
14,38,0.000883726802171443
14,39,0.0004418634010857215
14,40,0.0021461936624163616
14,41,0.0011362201742204268
14,44,0.002398687034465345
14,45,0.0011362201742204268
14,46,0.0004418634010857215
14,47,0.0012624668602449186
14,48,0.004355510667844969
14,49,0.0013255902032571645
14,51,0.0009468501451836889
14,52,0.0033455371796490344
14,53,0.002083070319404116
14,55,0.0010099734881959348
14,56,0.0015780835753061483
14,57,0.0005681100871102134
14,58,0.0011993435172326726
14,59,0.0010730968312081808
14,61,0.00031561671506122964
14,62,0.001641206918318394
14,63,0.0005681100871102134
14,65,0.0011362201742204268
14,67,0.002777427092538821
14,68,0.0011362201742204268
14,69,0.0002524933720489837
14,73,0.013382148718596137
14,74,0.0002524933720489837
14,75,0.000883726802171443
14,78,0.0005049867440979674
14,83,0.002714303749526575
14,84,0.002588057063502083
14,86,0.00031561671506122964
14,92,0.004986744097967428
14,93,0.002777427092538821
14,94,0.0007574801161469512
14,96,0.00031561671506122964
14,97,0.0006943567731347053
14,98,0.0002524933720489837
14,99,0.002588057063502083
14,100,0.0005681100871102134
14,103,0.0009468501451836889
14,104,0.0005049867440979674
14,105,0.0004418634010857215
14,106,0.0005681100871102134
14,107,0.0006312334301224593
14,108,0.0003787400580734756
14,109,0.00031561671506122964
14,115,0.0002524933720489837
14,116,0.0002524933720489837
14,117,0.0002524933720489837
14,119,0.00031561671506122964
14,120,0.00031561671506122964
14,121,0.0005681100871102134
14,122,0.00031561671506122964
14,123,0.0005681100871102134
14,125,0.0006943567731347053
14,128,0.00031561671506122964
14,130,0.0002524933720489837
15,15,0.9527719247257139
15,21,0.00029063430938022235
15,28,0.00029063430938022235
15,30,0.0005086100414153891
15,31,0.0005812686187604447
15,32,0.0007265857734505559
15,33,0.00029063430938022235
15,34,0.0010898786601758338
15,36,0.0004359514640703335
15,37,0.0013078543922110004
15,38,0.0010898786601758338
15,39,0.0009445615054857226
15,41,0.0015258301242461673
15,43,0.0005086100414153891
15,44,0.0007265857734505559
15,45,0.0003632928867252779
15,46,0.00029063430938022235
15,47,0.00029063430938022235
15,48,0.0007992443507956114
15,49,0.0009445615054857226
15,51,0.0013078543922110004
15,52,0.001235195814865945
15,53,0.002252415897696723
15,55,0.0014531715469011117
15,56,0.0011625372375208894
15,57,0.00029063430938022235
15,58,0.0015984887015912227
15,59,0.0005086100414153891
15,61,0.0009445615054857226
15,62,0.0010898786601758338
15,63,0.0010898786601758338
15,65,0.003996221753978057
15,67,0.0015984887015912227
15,68,0.001235195814865945
15,70,0.002615708784422001
15,75,0.0034149531352176124
15,78,0.0005086100414153891
15,83,0.0011625372375208894
15,84,0.0011625372375208894
15,92,0.0003632928867252779
15,93,0.0010898786601758338
15,99,0.0006539271961055002
16,16,0.9148619852321721
16,18,0.0002973388175826354
16,22,0.0011893552703305416
16,23,0.0005946776351652708
16,26,0.00044600822637395313
16,28,0.001536250557510283
16,31,0.0003468952871797413
16,33,0.000495564695971059
16,35,0.004063630506962684
16,36,0.0002477823479855295
16,38,0.0019327023142871303
16,40,0.002081371723078448
16,41,0.0008920164527479063
16,42,0.0003468952871797413
16,44,0.0011397988007334357
16,45,0.0029238317062292483
16,46,0.0005946776351652708
16,47,0.000545121165568165
16,48,0.000991129391942118
16,49,0.000991129391942118
16,51,0.003568065810991625
16,52,0.0007433470439565886
16,54,0.01015907626740671
16,55,0.0003964517567768472
16,56,0.0006937905743594826
16,58,0.000545121165568165
16,59,0.0016353634967044947
16,61,0.0003964517567768472
16,62,0.001040685861539224
16,65,0.0003468952871797413
16,67,0.0034193964022003072
16,68,0.0007433470439565886
16,69,0.0002973388175826354
16,70,0.0031220575846176717
16,71,0.0001982258783884236
16,72,0.0002973388175826354
16,73,0.000495564695971059
16,75,0.000545121165568165
16,83,0.001437137618316071
16,84,0.0037662916893800484
16,87,0.0002477823479855295
16,88,0.000545121165568165
16,92,0.0023291540710639776
16,93,0.007730809257148521
16,94,0.0005946776351652708
16,96,0.0011397988007334357
16,97,0.0009415729223450121
16,98,0.0002973388175826354
16,99,0.002378710540661083
16,100,0.0016849199663016006
16,102,0.0001982258783884236
16,103,0.0002477823479855295
16,105,0.0002477823479855295
16,107,0.0003964517567768472
16,108,0.000545121165568165
16,109,0.001536250557510283
16,110,0.0002477823479855295
16,111,0.0002973388175826354
16,114,0.0002477823479855295
16,115,0.00044600822637395313
16,119,0.0003468952871797413
16,121,0.00044600822637395313
16,122,0.0008424599831508003
16,123,0.0005946776351652708
16,124,0.0002477823479855295
16,125,0.0008920164527479063
16,127,0.0002973388175826354
16,129,0.000495564695971059
17,17,0.9541666666666667
17,18,0.0003676470588235294
17,22,0.0006127450980392157
17,25,0.000428921568627451
17,26,0.00024509803921568627
17,27,0.000428921568627451
17,30,0.00030637254901960784
17,31,0.00030637254901960784
17,33,0.00024509803921568627
17,34,0.0004901960784313725
17,35,0.0003676470588235294
17,36,0.000428921568627451
17,37,0.00030637254901960784
17,38,0.00030637254901960784
17,39,0.00024509803921568627
17,40,0.0004901960784313725
17,41,0.0007965686274509804
17,42,0.00030637254901960784
17,43,0.0006740196078431372
17,44,0.0006740196078431372
17,45,0.000428921568627451
17,46,0.0007352941176470588
17,47,0.0006127450980392157
17,48,0.0013480392156862745
17,49,0.0006740196078431372
17,51,0.0006127450980392157
17,52,0.0007352941176470588
17,53,0.0011029411764705882
17,55,0.0007965686274509804
17,56,0.0007965686274509804
17,57,0.0007965686274509804
17,58,0.0017769607843137255
17,59,0.0003676470588235294
17,61,0.001286764705882353
17,62,0.0007352941176470588
17,63,0.001409313725490196
17,65,0.0020833333333333333
17,67,0.0017769607843137255
17,68,0.0015318627450980392
17,70,0.001409313725490196
17,75,0.0011029411764705882
17,78,0.0022671568627450982
17,83,0.0013480392156862745
17,84,0.0011029411764705882
17,88,0.00024509803921568627
17,92,0.00196078431372549
17,93,0.0017769607843137255
17,97,0.00024509803921568627
17,99,0.000857843137254902
17,104,0.00030637254901960784
17,106,0.00024509803921568627
17,107,0.0003676470588235294
17,109,0.00030637254901960784
17,122,0.00024509803921568627
17,125,0.00024509803921568627
18,18,0.9229243246397106
18,22,0.0005251181515841065
18,23,0.0004084252290098606
18,25,0.00035007876772273763
18,26,0.0004084252290098606
18,28,0.0002917323064356147
18,29,0.0002917323064356147
18,30,0.00035007876772273763
18,31,0.00023338584514849173
18,33,0.0004084252290098606
18,34,0.0004084252290098606
18,35,0.0009335433805939669
18,36,0.0002917323064356147
18,37,0.0002917323064356147
18,38,0.0007001575354454753
18,39,0.00046677169029698347
18,40,0.0014003150708909505
18,41,0.000875196919306844
18,42,0.00023338584514849173
18,43,0.00046677169029698347
18,44,0.0012836221483167045
18,45,0.0031507089095046386
18,46,0.0008168504580197211
18,47,0.0007001575354454753
18,48,0.0007001575354454753
18,49,0.00099188984188109
18,51,0.004901102748118327
18,52,0.0011669292257424587
18,53,0.003442441215940253
18,55,0.0007001575354454753
18,56,0.0015170079934651963
18,57,0.000875196919306844
18,58,0.00198377968376218
18,59,0.0014586615321780733
18,61,0.0009335433805939669
18,62,0.003442441215940253
18,63,0.0011669292257424587
18,65,0.0016337009160394423
18,67,0.0023338584514849174
18,68,0.0011669292257424587
18,69,0.00046677169029698347
18,70,0.00198377968376218
18,75,0.0014003150708909505
18,78,0.0016337009160394423
18,83,0.0019254332224750569
18,84,0.002800630141781901
18,92,0.0063597642802964
18,93,0.0029173230643561466
18,94,0.0002917323064356147
18,96,0.0002917323064356147
18,97,0.00035007876772273763
18,99,0.0024505513740591634
18,100,0.00035007876772273763
18,103,0.00035007876772273763
18,104,0.0005251181515841065
18,105,0.0004084252290098606
18,106,0.0006418110741583523
18,107,0.0013419686096038275
18,108,0.00023338584514849173
18,109,0.0007585039967325981
18,115,0.00023338584514849173
18,121,0.00023338584514849173
18,122,0.00046677169029698347
18,123,0.0006418110741583523
18,125,0.0005834646128712294
18,129,0.0002917323064356147
19,19,0.965566037735849
19,22,0.00040431266846361187
19,24,0.00026954177897574127
19,27,0.00033692722371967657
19,30,0.00040431266846361187
19,31,0.00033692722371967657
19,33,0.0006064690026954178
19,34,0.00026954177897574127
19,35,0.00033692722371967657
19,40,0.00033692722371967657
19,41,0.0006738544474393531
19,43,0.00026954177897574127
19,44,0.00026954177897574127
19,45,0.0006738544474393531
19,46,0.0005390835579514825
19,47,0.00033692722371967657
19,48,0.0007412398921832884
19,49,0.0008086253369272237
19,51,0.0015498652291105121
19,52,0.0007412398921832884
19,53,0.000876010781671159
19,55,0.0008086253369272237
19,56,0.0009433962264150943
19,57,0.0005390835579514825
19,58,0.0011455525606469002
19,59,0.0005390835579514825
19,61,0.0008086253369272237
19,62,0.0007412398921832884
19,63,0.0005390835579514825
19,65,0.0011455525606469002
19,67,0.0010107816711590297
19,68,0.001078167115902965
19,70,0.0015498652291105121
19,75,0.0008086253369272237
19,78,0.0008086253369272237
19,83,0.0016172506738544475
19,84,0.0007412398921832884
19,92,0.000876010781671159
19,93,0.0011455525606469002
19,99,0.0010107816711590297
19,108,0.0006064690026954178
19,122,0.00033692722371967657
20,20,0.9510464492278338
20,27,0.00029813368314352153
20,31,0.00035776041977222587
20,32,0.00023850694651481724
20,33,0.00023850694651481724
20,34,0.0005366406296583388
20,35,0.0007155208395444517
20,36,0.00041738715640093015
20,40,0.0008347743128018603
20,41,0.00029813368314352153
20,42,0.0010136545226879733
20,43,0.0013714149424601991
20,44,0.00029813368314352153
20,45,0.0006558941029157474
20,46,0.0008944010494305646
20,47,0.0004770138930296345
20,48,0.0005366406296583388
20,49,0.0013117882058314948
20,51,0.0013117882058314948
20,52,0.00041738715640093015
20,53,0.0013117882058314948
20,55,0.0008944010494305646
20,56,0.0005366406296583388
20,57,0.0023850694651481722
20,58,0.0008347743128018603
20,59,0.0004770138930296345
20,61,0.0010136545226879733
20,62,0.0008347743128018603
20,63,0.0015502951523463121
20,65,0.0004770138930296345
20,67,0.0016695486256037206
20,68,0.0025639496750342852
20,69,0.0010136545226879733
20,70,0.0006558941029157474
20,75,0.0008347743128018603
20,78,0.004352751773895415
20,81,0.00023850694651481724
20,82,0.00023850694651481724
20,83,0.0015502951523463121
20,84,0.0012521614692027905
20,88,0.00035776041977222587
20,92,0.0014310416790889035
20,93,0.0026235764116629896
20,94,0.00023850694651481724
20,95,0.00023850694651481724
20,99,0.001132907995945382
20,104,0.00029813368314352153
20,107,0.00029813368314352153
20,108,0.00035776041977222587
20,121,0.00023850694651481724
20,125,0.00029813368314352153
21,21,0.9256360078277887
21,22,0.0006849315068493151
21,23,0.0002446183953033268
21,25,0.00019569471624266145
21,26,0.00019569471624266145
21,28,0.0003913894324853229
21,29,0.00019569471624266145
21,31,0.00034246575342465754
21,33,0.00029354207436399217
21,34,0.00034246575342465754
21,35,0.0006849315068493151
21,37,0.0002446183953033268
21,38,0.00034246575342465754
21,39,0.00034246575342465754
21,40,0.0007338551859099804
21,41,0.00034246575342465754
21,42,0.0004403131115459883
21,44,0.0008317025440313111
21,45,0.0009295499021526419
21,46,0.0004403131115459883
21,47,0.0006360078277886498
21,48,0.0008806262230919766
21,49,0.003767123287671233
21,51,0.0009784735812133072
21,52,0.0008317025440313111
21,53,0.001614481409001957
21,55,0.0007338551859099804
21,56,0.001076320939334638
21,57,0.00034246575342465754
21,58,0.0013209393346379648
21,59,0.001223091976516634
21,60,0.0003913894324853229
21,61,0.0007827788649706458
21,62,0.0014677103718199608
21,63,0.0008317025440313111
21,65,0.0004892367906066536
21,67,0.0023483365949119373
21,68,0.0006849315068493151
21,69,0.00019569471624266145
21,70,0.002984344422700587
21,71,0.00019569471624266145
21,72,0.0002446183953033268
21,74,0.00019569471624266145
21,75,0.0006849315068493151
21,78,0.000538160469667319
21,83,0.0016634050880626223
21,84,0.0031800391389432484
21,85,0.0004403131115459883
21,86,0.00029354207436399217
21,88,0.0007827788649706458
21,92,0.013307240704500978
21,93,0.0032778864970645794
21,97,0.00034246575342465754
21,99,0.0014187866927592955
21,101,0.00019569471624266145
21,102,0.0005870841487279843
21,103,0.0009295499021526419
21,104,0.0006849315068493151
21,105,0.0009295499021526419
21,106,0.001614481409001957
21,107,0.0031800391389432484
21,108,0.0007338551859099804
21,109,0.0010273972602739725
21,110,0.00019569471624266145
21,115,0.0005870841487279843
21,116,0.00034246575342465754
21,119,0.0004403131115459883
21,121,0.0003913894324853229
21,122,0.00029354207436399217
21,123,0.0005870841487279843
21,124,0.00019569471624266145
21,125,0.0006849315068493151
21,128,0.00019569471624266145
21,129,0.00019569471624266145
22,22,0.8884898123594374
22,23,0.0005706421402436977
22,26,0.000906313987445873
22,27,0.00016783592360108759
22,28,0.0002014031083213051
22,29,0.00023497029304152262
22,30,0.0003692390319223927
22,31,0.0008391796180054379
22,32,0.0003692390319223927
22,33,0.0005370749555234802
22,34,0.0007720452485650028
22,35,0.0024504044845758788
22,36,0.0002014031083213051
22,37,0.0003692390319223927
22,38,0.0006713436944043503
22,39,0.00033567184720217517
22,40,0.0023161357456950088
22,41,0.0005035077708032627
22,42,0.00033567184720217517
22,43,0.00016783592360108759
22,44,0.002886777885938706
22,45,0.0015440904971300057
22,46,0.0004028062166426102
22,47,0.0008391796180054379
22,48,0.001812627974891746
22,49,0.0015440904971300057
22,51,0.001241985834648048
22,52,0.001812627974891746
22,53,0.003323151287301534
22,54,0.0008727468027256554
22,55,0.0006042093249639152
22,56,0.0015776576818502233
22,57,0.0007384780638447853
22,58,0.001376254573528918
22,59,0.002081165452653486
22,60,0.0002014031083213051
22,61,0.00046994058608304523
22,62,0.0015776576818502233
22,63,0.0006377765096841328
22,65,0.0017790607901715283
22,67,0.004296599644187842
22,68,0.0014769561276895707
22,69,0.00023497029304152262
22,70,0.0021147326373737035
22,72,0.00013426873888087006
22,73,0.0006713436944043503
22,74,0.0002014031083213051
22,75,0.002349702930415226
22,77,0.0010070155416065255
22,78,0.0007384780638447853
22,83,0.0023161357456950088
22,84,0.005202913631633715
22,85,0.0002014031083213051
22,86,0.0006377765096841328
22,87,0.00046994058608304523
22,88,0.0010741499110469605
22,90,0.00023497029304152262
22,93,0.004665838676110235
22,94,0.0004028062166426102
22,96,0.0005706421402436977
22,97,0.00046994058608304523
22,98,0.00023497029304152262
22,99,0.0038266590581047966
22,100,0.0008391796180054379
22,106,0.02202007317646269
22,107,0.0030881809942600114
22,108,0.0006042093249639152
22,109,0.0019133295290523983
22,110,0.00016783592360108759
22,111,0.00046994058608304523
22,112,0.0003021046624819576
22,114,0.0002014031083213051
22,115,0.0002685374777617401
22,116,0.00016783592360108759
22,117,0.0004363734013628277
22,118,0.0002014031083213051
22,119,0.0007720452485650028
22,120,0.0003692390319223927
22,121,0.001174851465207613
22,122,0.0006377765096841328
22,123,0.0013426873888087007
22,124,0.00033567184720217517
22,125,0.0008391796180054379
22,126,0.0002685374777617401
22,127,0.00023497029304152262
22,128,0.0002685374777617401
22,129,0.0006042093249639152
22,130,0.00013426873888087006
22,131,0.00013426873888087006
23,23,0.9184356719767485
23,26,0.0005518560759353961
23,27,0.00014716162024943895
23,28,0.00014716162024943895
23,31,0.0002943232404988779
23,32,0.0001839520253117987
23,33,0.0005150656708730364
23,34,0.0001839520253117987
23,35,0.0012876641771825909
23,36,0.0002575328354365182
23,38,0.0005518560759353961
23,39,0.0003311136455612376
23,40,0.0016187778227438284
23,41,0.0005518560759353961
23,42,0.0002943232404988779
23,43,0.0002575328354365182
23,44,0.0014716162024943896
23,45,0.0018027298480556271
23,46,0.0004414848607483168
23,47,0.0006254368860601155
23,48,0.0011405025569331518
23,49,0.0016187778227438284
23,51,0.0016555682278061882
23,52,0.0011037121518707922
23,53,0.0033111364556123765
23,54,0.0008461793164342739
23,55,0.0007358081012471948
23,56,0.0016187778227438284
23,57,0.0002575328354365182
23,58,0.0025385379493028217
23,59,0.0014348257974320297
23,60,0.0003679040506235974
23,61,0.0013244545822449505
23,62,0.0030168132151134983
23,63,0.0009565505316213532
23,65,0.0007358081012471948
23,67,0.003347926860674736
23,68,0.000993340936683713
23,70,0.0031271844303005776
23,73,0.0002207424303741584
23,74,0.00014716162024943895
23,75,0.0009197601265589934
23,78,0.0005886464809977558
23,83,0.006511901696037673
23,84,0.0034215076707994553
23,85,0.0002575328354365182
23,86,0.0002575328354365182
23,87,0.0003311136455612376
23,88,0.0004782752658106766
23,90,0.0002575328354365182
23,91,0.0003311136455612376
23,92,0.0037894117214230527
23,93,0.0037158309112983335
23,94,0.0003311136455612376
23,96,0.0004782752658106766
23,97,0.0005518560759353961
23,99,0.003936573341672492
23,100,0.000699017696184835
23,102,0.0002943232404988779
23,103,0.0002207424303741584
23,104,0.0004046944556859571
23,105,0.0002207424303741584
23,106,0.0008829697214966336
23,107,0.0006622272911224752
23,108,0.0005886464809977558
23,109,0.0012876641771825909
23,110,0.0002207424303741584
23,111,0.0003679040506235974
23,112,0.0001839520253117987
23,114,0.0002207424303741584
23,115,0.0002575328354365182
23,116,0.0004414848607483168
23,117,0.0002207424303741584
23,118,0.00014716162024943895
23,119,0.0002943232404988779
23,120,0.0002575328354365182
23,121,0.0002943232404988779
23,122,0.0003679040506235974
23,123,0.0010301313417460727
23,124,0.0002943232404988779
23,125,0.0009197601265589934
23,126,0.0002575328354365182
23,127,0.0002575328354365182
23,128,0.0002575328354365182
23,129,0.0005150656708730364
23,130,0.0001839520253117987
24,24,0.9358652145583171
24,26,0.0006981290142418319
24,29,0.00018616773713115518
24,30,0.0004188774085450991
24,31,0.00023270967141394397
24,33,0.0015824257656148189
24,34,0.00027925160569673273
24,35,0.001117006422786931
24,38,0.00032579353997952155
24,39,0.00032579353997952155
24,40,0.0010239225542213535
24,41,0.00037233547426231036
24,42,0.0006050451456762543
24,43,0.00023270967141394397
24,44,0.0010239225542213535
24,45,0.0013962580284836638
24,46,0.0005119612771106768
24,47,0.0006981290142418319
24,48,0.0008377548170901983
24,49,0.0011635483570697199
24,51,0.0012100902913525086
24,52,0.0009773806199385646
24,53,0.002047845108442707
24,55,0.0006981290142418319
24,56,0.0010704644885041422
24,57,0.0009773806199385646
24,58,0.0009308386856557759
24,59,0.0023270967141394397
24,60,0.0005585032113934655
24,61,0.00032579353997952155
24,62,0.0018616773713115518
24,63,0.0004188774085450991
24,65,0.00032579353997952155
24,67,0.0015358838313320302
24,68,0.0006050451456762543
24,69,0.00018616773713115518
24,70,0.0009308386856557759
24,75,0.0009773806199385646
24,78,0.0008377548170901983
24,83,0.003769896676905892
24,84,0.003444103136926371
24,86,0.00018616773713115518
24,87,0.00023270967141394397
24,88,0.00046541934282788794
24,92,0.004793819231127245
24,93,0.0021409289770082844
24,97,0.0005585032113934655
24,99,0.0031183095969468493
24,100,0.00046541934282788794
24,103,0.00018616773713115518
24,104,0.00023270967141394397
24,105,0.00018616773713115518
24,106,0.00037233547426231036
24,107,0.00032579353997952155
24,108,0.00027925160569673273
24,109,0.0005585032113934655
24,111,0.00018616773713115518
24,115,0.00023270967141394397
24,116,0.00018616773713115518
24,117,0.00023270967141394397
24,118,0.00023270967141394397
24,119,0.0006050451456762543
24,120,0.00018616773713115518
24,121,0.0010239225542213535
24,122,0.0008842967513729871
24,123,0.0015824257656148189
24,125,0.0012100902913525086
24,126,0.00032579353997952155
24,127,0.00018616773713115518
24,128,0.0005119612771106768
24,129,0.0006050451456762543
24,130,0.00032579353997952155
24,131,0.00018616773713115518
25,25,0.936816081705439
25,26,0.0005673988814136338
25,28,0.00020264245764772636
25,29,0.00020264245764772636
25,30,0.00024317094917727163
25,31,0.00016211396611818109
25,33,0.0006484558644727243
25,34,0.00024317094917727163
25,35,0.000891626813649996
25,36,0.00036475642376590744
25,37,0.00036475642376590744
25,38,0.0008510983221204506
25,39,0.0004052849152954527
25,40,0.0008510983221204506
25,41,0.0006484558644727243
25,43,0.0008510983221204506
25,44,0.0012563832374159034
25,45,0.001823782118829537
25,46,0.0006484558644727243
25,47,0.0007700413390613601
25,48,0.001053740779768177
25,49,0.0005673988814136338
25,51,0.001783253627299992
25,52,0.0011347977628272676
25,53,0.001945367593418173
25,55,0.0006889843560022696
25,56,0.0010132122882386318
25,57,0.00024317094917727163
25,58,0.0020264245764772637
25,59,0.001945367593418173
25,60,0.00036475642376590744
25,61,0.0006889843560022696
25,62,0.001945367593418173
25,63,0.000607927372943179
25,65,0.0014184972035340845
25,67,0.0021885385425954446
25,68,0.0006484558644727243
25,69,0.00016211396611818109
25,70,0.001215854745886358
25,72,0.00020264245764772636
25,75,0.0016616681527113562
25,76,0.00024317094917727163
25,77,0.00016211396611818109
25,78,0.0002836994407068169
25,83,0.0038502066953068005
25,84,0.0029585798816568047
25,86,0.00016211396611818109
25,87,0.00016211396611818109
25,88,0.000445813406824998
25,91,0.00020264245764772636
25,92,0.003647564237659074
25,93,0.0022290670341249897
25,99,0.004336548593661344
25,100,0.00032422793223636217
25,102,0.00024317094917727163
25,103,0.0002836994407068169
25,105,0.00036475642376590744
25,106,0.0005268703898840885
25,107,0.00024317094917727163
25,109,0.0005268703898840885
25,112,0.00016211396611818109
25,116,0.00020264245764772636
25,117,0.00024317094917727163
25,119,0.00036475642376590744
25,120,0.00036475642376590744
25,121,0.0002836994407068169
25,122,0.0005268703898840885
25,123,0.0005673988814136338
25,125,0.0007295128475318149
25,126,0.00020264245764772636
25,129,0.000445813406824998
25,130,0.0005673988814136338
26,26,0.8999227534117243
26,29,0.0004005378651331788
26,30,0.00017165908505707665
26,31,0.0002860984750951277
26,33,0.0013732726804566132
26,34,0.0003719280176236661
26,35,0.0019740794781563814
26,36,0.0002860984750951277
26,37,0.0001144393900380511
26,38,0.0003147083226046405
26,39,0.0003147083226046405
26,40,0.0018024203930993047
26,41,0.00017165908505707665
26,42,0.0002860984750951277
26,44,0.0013732726804566132
26,45,0.0026321059708751754
26,46,0.0009727348153234344
26,47,0.0016021514605327153
26,48,0.0014304923754756387
26,49,0.0022601779532515093
26,51,0.0011443939003805109
26,52,0.0011157840528709983
26,53,0.0022887878007610218
26,54,0.00014304923754756386
26,55,0.0011157840528709983
26,56,0.0012016135953995366
26,58,0.002117128715703945
26,59,0.005035333161674248
26,60,0.0004291477126426916
26,61,0.0003719280176236661
26,62,0.002145738563213458
26,63,0.0003719280176236661
26,65,0.00051497725517123
26,67,0.0035190112436700714
26,68,0.0008582954252853832
26,69,0.0003147083226046405
26,70,0.0025748862758561497
26,73,0.00014304923754756386
26,75,0.0009155151203044088
26,78,0.00017165908505707665
26,83,0.0033473521586129948
26,84,0.005178382399221812
26,85,0.0004577575601522044
26,86,0.0007438560352473322
26,87,0.0004577575601522044
26,88,0.002517666580837124
26,90,0.0001144393900380511
26,91,0.0002002689325665894
26,92,0.005006723314164735
26,93,0.003948158956312763
26,94,0.0003147083226046405
26,96,0.0003147083226046405
26,97,0.0003433181701141533
26,98,0.00014304923754756386
26,99,0.006551655079678425
26,100,0.0007724658827568449
26,101,0.000257488627585615
26,102,0.00017165908505707665
26,103,0.0007438560352473322
26,104,0.0003433181701141533
26,105,0.0004863674076617172
26,106,0.0010585643578519726
26,107,0.0010871742053614854
26,108,0.0011157840528709983
26,109,0.001516321918004177
26,110,0.0003433181701141533
26,111,0.0003719280176236661
26,112,0.0003433181701141533
26,114,0.0003719280176236661
26,115,0.0005721969501902554
26,116,0.000629416645209281
26,117,0.0002860984750951277
26,118,0.00014304923754756386
26,119,0.0005435871026807427
26,120,0.0012302234429090492
26,121,0.0014304923754756387
26,122,0.001516321918004177
26,123,0.0018024203930993047
26,124,0.0003719280176236661
26,125,0.0025748862758561497
26,126,0.0008296855777758705
26,127,0.0004291477126426916
26,128,0.0003719280176236661
26,129,0.0011730037478900237
26,130,0.0014877120704946643
26,131,0.0007438560352473322
27,27,0.9573017458076513
27,28,0.00013773630384628628
27,29,0.00020660445576942943
27,30,0.00017217037980785785
27,31,0.0008608518990392892
27,33,0.00027547260769257255
27,34,0.0006542474432698599
27,35,0.0005853792913467167
27,36,0.00017217037980785785
27,37,0.0003443407596157157
27,38,0.00027547260769257255
27,39,0.0005165111394235736
27,40,0.000723115595193003
27,41,0.0005509452153851451
27,42,0.0005509452153851451
27,43,0.0006198133673082883
27,44,0.0003443407596157157
27,45,0.0003443407596157157
27,46,0.0005853792913467167
27,47,0.0003443407596157157
27,48,0.00041320891153885886
27,49,0.0017561378740401502
27,51,0.001446231190386006
27,52,0.0008608518990392892
27,53,0.0010674563548087187
27,55,0.000964154126924004
27,56,0.0006198133673082883
27,57,0.0010330222788471472
27,58,0.000964154126924004
27,59,0.0006198133673082883
27,61,0.0010330222788471472
27,62,0.0013429289625012913
27,63,0.0011707585826934335
27,64,0.00020660445576942943
27,65,0.0014117971144244343
27,66,0.00013773630384628628
27,67,0.001618401570193864
27,68,0.0017217037980785785
27,69,0.00017217037980785785
27,70,0.001274060810578148
27,74,0.00013773630384628628
27,75,0.0014806652663475776
27,77,0.0003443407596157157
27,78,0.0017561378740401502
27,79,0.00013773630384628628
27,83,0.0018938741778864365
27,84,0.0009297200509624324
27,92,0.0013773630384628628
27,93,0.0018594401019248648
27,99,0.0009297200509624324
27,103,0.00013773630384628628
27,104,0.00013773630384628628
27,106,0.00020660445576942943
27,108,0.00017217037980785785
27,118,0.00013773630384628628
27,121,0.00013773630384628628
27,122,0.00017217037980785785
27,123,0.00020660445576942943
27,125,0.00020660445576942943
27,130,0.00017217037980785785
28,28,0.9272473826259751
28,29,0.00011863451671263754
28,30,0.0004152208084942314
28,31,0.00014829314589079692
28,32,0.00014829314589079692
28,33,0.0008601002461666222
28,34,0.00026692766260343444
28,35,0.0020464454132929975
28,36,0.00029658629178159384
28,37,0.0003559035501379126
28,38,0.006198653498235312
28,39,0.00023726903342527507
28,40,0.0008601002461666222
28,41,0.006702850194264021
28,44,0.0011863451671263753
28,45,0.0006524898419195065
28,46,0.00044487943767239076
28,47,0.0003559035501379126
28,48,0.0009490761337011003
28,49,0.0010973692795918973
28,51,0.0013642969421953318
28,52,0.0009787347628792597
28,53,0.0015125900880861287
28,54,0.000385562179316072
28,55,0.001008393392057419
28,56,0.0004152208084942314
28,57,0.00032624492095975323
28,58,0.001304979683839013
28,59,0.0008007829878103034
28,60,0.00014829314589079692
28,61,0.0007118071002758253
28,62,0.0006524898419195065
28,63,0.0006821484710976659
28,65,0.00243200759260907
28,67,0.00243200759260907
28,68,0.0007414657294539846
28,71,0.01586736661031527
28,72,0.0006228312127413471
28,73,0.00026692766260343444
28,74,0.001156686537948216
28,75,0.000771124358632144
28,77,0.00014829314589079692
28,78,0.0004152208084942314
28,83,0.0013346383130171723
28,84,0.0013346383130171723
28,85,0.00023726903342527507
28,86,0.00029658629178159384
28,88,0.0003559035501379126
28,92,0.001542248717264288
28,93,0.002520983480143548
28,94,0.00014829314589079692
28,96,0.00023726903342527507
28,97,0.00032624492095975323
28,99,0.0015125900880861287
28,100,0.00029658629178159384
28,105,0.0002076104042471157
28,106,0.00014829314589079692
28,107,0.00011863451671263754
28,108,0.00026692766260343444
28,109,0.00029658629178159384
28,111,0.00014829314589079692
28,115,0.00014829314589079692
28,116,0.00011863451671263754
28,121,0.000385562179316072
28,122,0.0003559035501379126
28,123,0.00011863451671263754
28,125,0.00023726903342527507
28,130,0.00023726903342527507
29,29,0.9424772105057312
29,31,0.0002105959866421974
29,32,0.0003911068323355095
29,33,0.0006317879599265923
29,34,0.0003911068323355095
29,35,0.0008423839465687896
29,36,0.00030085140948885345
29,37,0.00030085140948885345
29,38,0.0005114473961310509
29,39,0.0006317879599265923
29,40,0.0007220433827732483
29,41,0.0005415325370799362
29,43,0.00024068112759108277
29,44,0.0008122988056199044
29,45,0.0010830650741598725
29,46,0.0005716176780288215
29,47,0.0005415325370799362
29,48,0.0009326393694154457
29,49,0.0007220433827732483
29,51,0.0015945124702909234
29,52,0.001143235356057643
29,53,0.0014440867655464967
29,55,0.000782213664671019
29,56,0.0010830650741598725
29,57,0.00018051084569331208
29,58,0.0022263004302175158
29,59,0.0018051084569331208
29,60,0.00030085140948885345
29,61,0.0011131502151087579
29,62,0.00303859923583742
29,63,0.0008423839465687896
29,65,0.0029483438129907637
29,67,0.0018051084569331208
29,68,0.0007220433827732483
29,70,0.001654682752188694
29,72,0.00012034056379554138
29,74,0.00012034056379554138
29,75,0.00174493817503535
29,76,0.00018051084569331208
29,77,0.0002707662685399681
29,78,0.00036102169138662417
29,83,0.003670387195764012
29,84,0.0016245976112398087
29,86,0.00012034056379554138
29,88,0.00015042570474442673
29,91,0.00036102169138662417
29,92,0.002858088390144108
29,93,0.002015704443575318
29,94,0.0002105959866421974
29,96,0.00015042570474442673
29,99,0.002015704443575318
29,100,0.00018051084569331208
29,101,0.00012034056379554138
29,102,0.00012034056379554138
29,103,0.0002105959866421974
29,105,0.00018051084569331208
29,106,0.0004512771142332802
29,107,0.0004512771142332802
29,108,0.00030085140948885345
29,109,0.00048136225518216554
29,112,0.00012034056379554138
29,117,0.00024068112759108277
29,118,0.00018051084569331208
29,119,0.0003911068323355095
29,120,0.00036102169138662417
29,121,0.0005114473961310509
29,122,0.00024068112759108277
29,123,0.0005415325370799362
29,125,0.0008423839465687896
29,126,0.00015042570474442673
29,128,0.00024068112759108277
29,129,0.0003309365504377388
29,130,0.0003911068323355095
29,131,0.00012034056379554138
30,30,0.9441493436845599
30,31,0.00020430052607385465
30,32,0.0001787629603146228
30,33,0.0005618264467031003
30,34,0.00028091322335155013
30,35,0.0018387047346646917
30,36,0.0001787629603146228
30,37,0.00045967618366617294
30,38,0.0006639767097400275
30,39,0.00010215026303692733
30,40,0.0005873640124623321
30,41,0.0005362888809438684
30,42,0.000153225394555391
30,44,0.000612901578221564
30,45,0.0007150518412584912
30,46,0.00033198835487001377
30,47,0.000612901578221564
30,48,0.0007916645385361868
30,49,0.0009193523673323459
30,51,0.0014556412482762144
30,52,0.0014556412482762144
30,53,0.0016344042085908372
30,54,0.00033198835487001377
30,55,0.0006384391439807958
30,56,0.0019153174319423872
30,57,0.00038306348638847746
30,58,0.001787629603146228
30,59,0.0014045661167577507
30,60,0.00012768782879615914
30,61,0.0009193523673323459
30,62,0.0018897798661831554
30,63,0.0009704274988508096
30,65,0.002426068747127024
30,66,0.00012768782879615914
30,67,0.001991930129220083
30,68,0.0006639767097400275
30,69,0.0001787629603146228
30,70,0.0009704274988508096
30,75,0.002553756575923183
30,76,0.00020430052607385465
30,77,0.0005362888809438684
30,78,0.00022983809183308647
30,83,0.002860207365033965
30,84,0.002885744930793197
30,85,0.00020430052607385465
30,87,0.00010215026303692733
30,88,0.00022983809183308647
30,91,0.0001787629603146228
30,92,0.0037029470350886154
30,93,0.0022983809183308645
30,94,0.00010215026303692733
30,96,0.00012768782879615914
30,97,0.000153225394555391
30,99,0.0019408549977016191
30,100,0.0001787629603146228
30,103,0.00022983809183308647
30,105,0.00022983809183308647
30,106,0.00038306348638847746
30,107,0.00022983809183308647
30,108,0.00028091322335155013
30,109,0.0004086010521477093
30,111,0.00010215026303692733
30,112,0.00010215026303692733
30,116,0.000153225394555391
30,118,0.00033198835487001377
30,119,0.00022983809183308647
30,120,0.00020430052607385465
30,121,0.0002553756575923183
30,122,0.00022983809183308647
30,123,0.0005873640124623321
30,125,0.0008172021042954186
30,126,0.00012768782879615914
30,127,0.00010215026303692733
30,128,0.000153225394555391
30,129,0.0003575259206292456
31,31,0.9316609635410256
31,32,0.0001969424681814825
31,33,0.0005415917874990768
31,34,0.0004677383619310209
31,35,0.001821717830678713
31,36,0.0002461780852268531
31,37,0.00044312055340833557
31,38,0.0004677383619310209
31,39,0.0005662095960217621
31,40,0.0009108589153393565
31,41,0.0009600945323847271
31,42,0.00029541370227222373
31,43,0.0003446493193175943
31,44,0.0014770685113611186
31,45,0.0005169739789763915
31,46,0.0006646808301125034
31,47,0.0009354767238620418
31,48,0.0008123876812486153
31,49,0.0016247753624972305
31,51,0.0014770685113611186
31,52,0.0021663671499963072
31,53,0.0012555082346569508
31,54,9.847123409074124e-05
31,55,0.0012062726176115801
31,56,0.001181654809088895
31,57,0.0011324191920435243
31,58,0.0013293616602250069
31,59,0.0009600945323847271
31,60,0.00032003151079490905
31,61,0.0015509219369291745
31,62,0.001821717830678713
31,63,0.001181654809088895
31,65,0.0022402205755643633
31,67,0.009404002855665788
31,68,0.0034464931931759437
31,69,0.0006646808301125034
31,70,0.0016740109795426012
31,72,0.00014770685113611187
31,74,9.847123409074124e-05
31,75,0.0015509219369291745
31,77,0.0002707958937495384
31,78,0.0014770685113611186
31,81,0.00012308904261342654
31,82,0.00012308904261342654
31,83,0.0023386918096551046
31,84,0.0019448068732921394
31,85,9.847123409074124e-05
31,86,0.00014770685113611187
31,87,9.847123409074124e-05
31,88,0.00017232465965879716
31,91,9.847123409074124e-05
31,92,0.0025848698948819577
31,93,0.0026587233204500137
31,94,9.847123409074124e-05
31,96,0.00022156027670416778
31,97,0.0001969424681814825
31,99,0.0014770685113611186
31,100,0.0004185027448856503
31,103,9.847123409074124e-05
31,104,0.00017232465965879716
31,105,0.0002707958937495384
31,106,0.0006400630215898181
31,107,0.0001969424681814825
31,108,0.00017232465965879716
31,109,0.0002707958937495384
31,111,0.00029541370227222373
31,115,0.00014770685113611187
31,117,0.00017232465965879716
31,118,0.00012308904261342654
31,119,0.0001969424681814825
31,120,0.00014770685113611187
31,121,0.0002707958937495384
31,122,0.0001969424681814825
31,123,0.000393884936362965
31,125,0.000393884936362965
31,129,9.847123409074124e-05
31,130,0.00012308904261342654
31,131,0.00012308904261342654
32,32,0.9551900170164492
32,33,0.00040515355319666155
32,34,0.00032412284255732923
32,35,0.0005131945007157713
32,36,0.00021608189503821948
32,37,0.0005672149744753262
32,38,0.0005402047375955487
32,39,0.00043216379007643895
32,40,0.0006482456851146585
32,41,0.0006482456851146585
32,42,0.00016206142127866461
32,44,0.0005672149744753262
32,45,0.0005402047375955487
32,46,0.00021608189503821948
32,47,0.0005402047375955487
32,48,0.0005942252113551035
32,49,0.0005402047375955487
32,51,0.0014045323177484267
32,52,0.0016476244496664235
32,53,0.0010263890014315425
32,55,0.0009183480539124328
32,56,0.0018366961078248656
32,57,0.00021608189503821948
32,58,0.0013775220808686492
32,59,0.0006482456851146585
32,61,0.0012154606595899846
32,62,0.0017016449234259785
32,63,0.0009993787645517652
32,65,0.003403289846851957
32,67,0.001971747292223753
32,68,0.0007022661588742134
32,70,0.0016476244496664235
32,72,0.00010804094751910974
32,75,0.0024579315560597464
32,76,0.00016206142127866461
32,77,0.000621235448234881
32,78,0.0003511330794371067
32,83,0.0024579315560597464
32,84,0.0013775220808686492
32,88,0.00010804094751910974
32,91,0.00018907165815844205
32,92,0.002782054398617076
32,93,0.001242470896469762
32,99,0.001431542554628204
32,102,0.00010804094751910974
32,103,0.00029711260567755177
32,106,0.00010804094751910974
32,107,0.00013505118439888718
32,108,0.00010804094751910974
32,118,0.00013505118439888718
32,121,0.00018907165815844205
32,122,0.00013505118439888718
32,125,0.00043216379007643895
32,130,0.00013505118439888718
33,33,0.9068381972025557
33,34,0.0004144361940942842
33,35,0.0025556898635814194
33,36,0.00027629079606285615
33,37,0.0001726817475392851
33,38,0.0008288723881885684
33,39,0.0005353134173717838
33,40,0.002072180970471421
33,41,0.0005871179416335694
33,42,0.0001726817475392851
33,43,0.0002072180970471421
33,44,0.0012087722327749958
33,45,0.001830426523916422
33,46,0.0011569677085132102
33,47,0.0005871179416335694
33,48,0.0009324814367121395
33,49,0.0011396995337592817
33,51,0.0015714039026074945
33,52,0.0014505266793299948
33,53,0.0031946123294767743
33,54,0.00044897254360214123
33,55,0.002469348989811777
33,56,0.000846140562942497
33,57,0.0003626316698324987
33,58,0.001864962873424279
33,59,0.0032982213780003455
33,60,0.0004144361940942842
33,61,0.0007079951649110689
33,62,0.0020203764462096356
33,63,0.0006907269901571404
33,65,0.0020894491452253497
33,66,8.634087376964255e-05
33,67,0.00278017613538249
33,68,0.0023657399412882057
33,69,0.00031082714557071316
33,70,0.0027629079606285617
33,71,0.00015541357278535658
33,72,0.00010360904852357106
33,73,0.0003280953203246417
33,74,0.00012087722327749957
33,75,0.0008634087376964255
33,76,0.00010360904852357106
33,77,0.00015541357278535658
33,78,0.000846140562942497
33,83,0.0032982213780003455
33,84,0.004541529960283198
33,85,0.00010360904852357106
33,86,0.00043170436884821275
33,87,0.0002072180970471421
33,88,0.0013123812812985667
33,90,0.00012087722327749957
33,91,0.0002072180970471421
33,92,0.004213434639958556
33,93,0.004196166465204628
33,94,0.0002072180970471421
33,96,0.0003626316698324987
33,97,0.0004144361940942842
33,98,6.907269901571404e-05
33,100,0.0004835088931099983
33,101,0.00013814539803142807
33,102,0.0002935589708167847
33,103,0.0003626316698324987
33,104,0.0002590226213089276
33,105,0.0004835088931099983
33,106,0.001087895009497496
33,107,0.0006216542911414263
33,108,0.00043170436884821275
33,109,0.0009324814367121395
33,110,0.00015541357278535658
33,114,8.634087376964255e-05
33,115,0.0002935589708167847
33,121,0.01146606803660853
33,122,0.0013123812812985667
33,123,0.0014159903298221377
33,124,0.0002590226213089276
33,126,0.0007425315144189259
33,128,0.0032118805042307026
33,129,0.000880676912450354
33,130,0.000915213261958211
33,131,0.00039716801934035575
34,34,0.9331209519188168
34,35,0.0009071921348551657
34,36,0.00042194983016519334
34,37,0.0006118272537395304
34,38,0.000886094643346906
34,39,0.002088651659317707
34,40,0.001582311863119475
34,41,0.0009493871178716851
34,42,0.00042194983016519334
34,43,0.000443047321673453
34,44,0.0007806071858056077
34,45,0.000443047321673453
34,46,0.000759509694297348
34,47,0.000696217219772569
34,48,0.0005485347792147514
34,49,0.0009493871178716851
34,51,0.0010970695584295027
34,52,0.0012236545074790607
34,53,0.008692166501402983
34,54,0.000126584949049558
34,55,0.0008649971518386464
34,56,0.0013080444735120995
34,57,0.0027215764045654973
34,58,0.001139264541446022
34,59,0.0007806071858056077
34,60,0.00014768244055781768
34,61,0.00126584949049558
34,62,0.0018354817612185911
34,63,0.0009915821008882044
34,65,0.002362919048925083
34,67,0.0023207240659085635
34,68,0.0021941391168590054
34,69,0.000443047321673453
34,70,0.001455726914069917
34,71,8.438996603303867e-05
34,74,0.000126584949049558
34,75,0.002025359184792928
34,76,0.00010548745754129833
34,77,0.00014768244055781768
34,78,0.0028903563366315744
34,79,0.00016877993206607735
34,81,0.000189877423574337
34,82,0.000316462372623895
34,83,0.0020675541678094474
34,84,0.0015612143716112153
34,88,0.00014768244055781768
34,91,0.000126584949049558
34,92,0.0030802337602059116
34,93,0.0025527964724994198
34,94,0.000126584949049558
34,95,0.00014768244055781768
34,96,8.438996603303867e-05
34,97,0.00014768244055781768
34,98,0.000126584949049558
34,99,0.0014768244055781768
34,100,0.00023207240659085636
34,101,8.438996603303867e-05
34,102,0.00014768244055781768
34,103,0.00014768244055781768
34,104,0.00042194983016519334
34,105,0.00016877993206607735
34,106,0.0005907297622312707
34,107,0.0003375598641321547
34,108,0.00021097491508259667
34,109,0.000253169898099116
34,111,0.00010548745754129833
34,115,0.00010548745754129833
34,117,8.438996603303867e-05
34,120,0.000126584949049558
34,121,0.000506339796198232
34,122,0.00023207240659085636
34,123,0.000316462372623895
34,125,0.00029536488111563537
34,127,8.438996603303867e-05
34,128,0.000126584949049558
34,129,0.00014768244055781768
34,130,0.000126584949049558
35,35,0.9124986893152983
35,36,0.0002883506343713956
35,37,0.00015728216420257942
35,38,0.0008388382090804236
35,39,0.0002883506343713956
35,40,0.0014548600188738596
35,41,0.0007864108210128972
35,42,0.0005767012687427913
35,43,0.0004980601866415016
35,44,0.0014417531718569781
35,45,0.002477194086190626
35,46,0.0007601971269791339
35,47,0.0007733039739960155
35,48,0.0010747614553842928
35,49,0.0017038901121946104
35,50,6.553423508440809e-05
35,51,0.0017825311942959
35,52,0.0012582573136206354
35,53,0.003748558246828143
35,54,0.001035440914333648
35,55,0.0007077697389116074
35,56,0.0010747614553842928
35,57,0.0011665093845024642
35,58,0.001336898395721925
35,60,0.004403900597672224
35,61,0.0005767012687427913
35,62,0.0017956380413127818
35,63,0.0006815560448778442
35,65,0.0008650519031141869
35,67,0.003997588340148894
35,69,0.0031194295900178253
35,70,0.001756317500262137
35,71,0.00013106847016881618
35,72,0.00017038901121946105
35,73,0.0004980601866415016
35,74,0.00011796162315193457
35,75,0.0006422355038271994
35,77,9.174792911817133e-05
35,78,0.0015990353360595575
35,80,0.00011796162315193457
35,81,7.864108210128971e-05
35,82,9.174792911817133e-05
35,83,0.0028835063437139563
35,86,0.005111670336583832
35,87,0.0003538848694558037
35,88,0.0009436929852154766
35,90,0.00013106847016881618
35,91,0.00010485477613505295
35,100,0.007038376848065429
35,103,0.0048102128551955545
35,104,0.0003932054105064486
35,105,0.000655342350844081
35,106,0.0014548600188738596
35,107,0.0008519450560973052
35,108,0.0007470902799622523
35,109,0.0011140819964349377
35,110,0.00013106847016881618
35,114,0.0001441753171856978
35,115,0.00015728216420257942
35,125,0.007405368564538115
35,127,0.000930586138198595
35,128,0.0021233092167348222
35,129,0.0018873859704309531
35,130,0.0014024326308063333
35,131,0.0005111670336583831
36,36,0.9640872607532414
36,37,0.00028812512862728956
36,38,0.000391026960279893
36,39,0.00028812512862728956
36,40,0.000452768059271455
36,41,0.0009466968512039514
36,42,0.00020580366330520683
36,43,0.0002469643959662482
36,44,0.0004733484256019757
36,45,0.0005556698909240584
36,46,0.0006379913562461412
36,47,0.00041160732661041366
36,48,0.0004939287919324964
36,49,0.0006791520889071825
36,51,0.0011525005145091582
36,52,0.0006174109899156205
36,53,0.0010495986828565548
36,55,0.0011113397818481169
36,56,0.0008026342868903066
36,57,0.000843795019551348
36,58,0.0012554023461617617
36,59,0.0005762502572545791
36,60,0.00010290183165260341
36,61,0.0012554023461617617
36,62,0.000843795019551348
36,63,0.0013994649104754064
36,65,0.0014406256431364478
36,66,8.232146532208273e-05
36,67,0.0015023667421280099
36,68,0.0010290183165260341
36,69,0.0002263840296357275
36,70,0.001564107841119572
36,72,8.232146532208273e-05
36,74,0.00014406256431364478
36,75,0.0009878575838649928
36,76,0.0001234821979831241
36,77,0.00020580366330520683
36,78,0.0011936612471701996
36,82,0.00020580366330520683
36,83,0.0015023667421280099
36,84,0.000843795019551348
36,88,0.00010290183165260341
36,92,0.0018522329697468615
36,93,0.0012759827124922823
36,96,0.00010290183165260341
36,97,0.00010290183165260341
36,99,0.0007203128215682239
36,100,0.00020580366330520683
36,103,0.00020580366330520683
36,104,0.0001234821979831241
36,106,0.0002263840296357275
36,107,0.00030870549495781024
36,108,0.00018522329697468615
36,109,8.232146532208273e-05
36,118,0.00010290183165260341
36,119,0.00010290183165260341
36,120,0.00010290183165260341
36,121,0.00018522329697468615
36,122,0.0001234821979831241
36,123,0.00016464293064416546
36,125,0.00030870549495781024
36,128,0.00010290183165260341
37,37,0.9477204202832343
37,38,0.0009319323892188214
37,39,0.0006212882594792143
37,40,0.0005481955230698949
37,41,0.00107811786203746
37,42,0.00014618547281863864
37,43,7.309273640931932e-05
37,44,0.0007126541799908634
37,45,0.0004933759707629054
37,47,0.0003837368661489264
37,48,0.000749200548195523
37,49,0.0008771128369118319
37,51,0.0012608497030607584
37,52,0.0015897670169026953
37,53,0.0016994061215166742
37,55,0.0018638647784376427
37,56,0.002265874828688899
37,57,0.00031064412973960714
37,58,0.0018090452261306533
37,59,0.0004020100502512563
37,61,0.0013704888076747374
37,62,0.0023024211968935586
37,63,0.0006578346276838739
37,65,0.005098218364550023
37,66,0.00016445865692096847
37,67,0.002832343535861124
37,68,0.0009867519415258108
37,69,7.309273640931932e-05
37,70,0.0020465966194609412
37,71,0.00012791228871630883
37,72,0.00010963910461397899
37,74,0.0002375513933302878
37,75,0.007382366377341252
37,76,0.00043855641845591596
37,77,0.0007309273640931932
37,78,0.0005481955230698949
37,83,0.001717679305619004
37,84,0.000858839652809502
37,88,9.136592051164915e-05
37,91,0.00010963910461397899
37,92,0.0016994061215166742
37,93,0.0012243033348560987
37,96,9.136592051164915e-05
37,97,7.309273640931932e-05
37,99,0.0009684787574234811
37,103,0.00014618547281863864
37,105,0.00014618547281863864
37,106,0.00016445865692096847
37,108,0.00012791228871630883
37,112,7.309273640931932e-05
37,116,7.309273640931932e-05
37,118,0.00010963910461397899
37,119,9.136592051164915e-05
37,120,0.00010963910461397899
37,121,7.309273640931932e-05
37,122,7.309273640931932e-05
37,123,0.00012791228871630883
37,125,0.0002375513933302878
37,126,7.309273640931932e-05
38,38,0.9235008305003183
38,39,0.00040360763128890543
38,40,0.001133206041695773
38,41,0.008522330368369581
38,42,0.00018628044521026404
38,43,0.00015523370434188672
38,44,0.001133206041695773
38,45,0.0015833837842872444
38,46,0.00031046740868377344
38,47,0.0005122712243282261
38,48,0.0007295984104068676
38,49,0.0013350098573402258
38,51,0.0020180381564445272
38,52,0.001552337043418867
38,53,0.0026700197146804516
38,54,0.0005898880764991695
38,55,0.0010090190782222636
38,56,0.0012573930051692824
38,57,0.0002173271860786414
38,58,0.0015368136729846783
38,59,0.0013039631164718484
38,60,0.0001707570747760754
38,61,0.0007916918921436222
38,62,0.002607926232943697
38,63,0.0010090190782222636
38,65,0.003492758347692451
38,66,0.0001086635930393207
38,67,0.0033685713842189417
38,68,0.001133206041695773
38,69,0.0002173271860786414
38,72,0.009422685853552524
38,73,0.00031046740868377344
38,74,0.001598907154721433
38,75,0.0017075707477607538
38,76,0.00018628044521026404
38,77,0.00029494403824958476
38,78,0.0004191310017230941
38,83,0.00221984197208898
38,84,0.0018938511929710179
38,85,7.761685217094336e-05
38,86,0.00023285055651283006
38,87,0.00015523370434188672
38,88,0.00018628044521026404
38,89,6.209348173675468e-05
38,90,6.209348173675468e-05
38,91,0.00012418696347350937
38,92,0.002312982194694112
38,93,0.002964963752930036
38,94,0.00018628044521026404
38,96,0.0003259907791179621
38,97,0.0002794206678153961
38,99,0.0024371691581676212
38,100,0.0006519815582359242
38,102,7.761685217094336e-05
38,103,0.0002638972973812074
38,104,0.00015523370434188672
38,105,0.00031046740868377344
38,106,0.00018628044521026404
38,107,0.0003259907791179621
38,108,0.0004346543721572828
38,109,0.0003415141495521508
38,111,9.314022260513202e-05
38,112,0.0001086635930393207
38,114,0.00012418696347350937
38,115,0.00012418696347350937
38,116,7.761685217094336e-05
38,117,0.00015523370434188672
38,118,7.761685217094336e-05
38,119,0.00015523370434188672
38,120,0.00024837392694701874
38,121,0.0005588413356307922
38,122,0.0004657011130256601
38,123,0.00035703751998633946
38,125,0.001040065819090641
38,126,0.00013971033390769804
38,127,0.00018628044521026404
38,128,0.00045017774259147145
38,129,0.0002794206678153961
38,130,0.0002638972973812074
38,131,0.0001086635930393207
39,39,0.9500487083879203
39,40,0.0009069837750680237
39,41,0.0007390238167220935
39,42,0.0001007759750075582
39,43,0.0001511639625113373
39,44,0.0008733917833988377
39,45,0.0009237797709026168
39,46,0.0012429036917598845
39,47,0.0008901877792334308
39,48,0.0007894118042258726
39,49,0.0005710638583761631
39,50,6.718398333837214e-05
39,51,0.0012261076959252915
39,52,0.0014108636501058147
39,53,0.0022506634418354666
39,54,8.397997917296517e-05
39,55,0.0007558198125566865
39,56,0.0013772716584366288
39,57,0.0001511639625113373
39,58,0.0017467835667976754
39,59,0.0021330914709933152
39,60,0.00031912392085726765
39,61,0.0009069837750680237
39,62,0.002485807383519769
39,63,0.0009405757667372099
39,65,0.0017971715543014545
39,67,0.002452215391850583
39,68,0.001007759750075582
39,69,0.0001511639625113373
39,70,0.0011757197084215124
39,74,6.718398333837214e-05
39,75,0.0013604756626020356
39,76,0.0001007759750075582
39,77,0.00018475595418052337
39,78,0.000503879875037791
39,83,0.0026033793543619203
39,84,0.0020491114918203502
39,85,0.0001007759750075582
39,86,0.00013436796667674428
39,87,8.397997917296517e-05
39,88,0.00033591991669186066
39,91,0.00011757197084215124
39,92,0.002351439416843025
39,93,0.001545231616782559
39,94,8.397997917296517e-05
39,96,8.397997917296517e-05
39,97,0.0001007759750075582
39,99,0.0023178474251738385
39,100,0.00011757197084215124
39,101,6.718398333837214e-05
39,102,0.0001007759750075582
39,103,0.0002519399375188955
39,104,0.00011757197084215124
39,105,0.00016795995834593033
39,106,0.0003023279250226746
39,107,0.00018475595418052337
39,108,0.0002015519500151164
39,109,0.00016795995834593033
39,111,8.397997917296517e-05
39,112,0.00021834794584970943
39,116,0.0001007759750075582
39,117,0.00013436796667674428
39,119,0.00011757197084215124
39,120,0.00028553192918808157
39,121,0.0006886358292183144
39,122,0.00033591991669186066
39,123,0.0003527159125264537
39,124,8.397997917296517e-05
39,125,0.00041989989586482584
39,126,0.00013436796667674428
39,128,0.0003023279250226746
39,129,0.0003023279250226746
39,130,0.00041989989586482584
39,131,0.00016795995834593033
40,40,0.9265912083398765
40,41,0.00044695166882089316
40,42,0.0004831909933198845
40,43,0.00041071234432190186
40,44,0.0011354988343017286
40,45,0.0011958977084667141
40,46,0.0010388606356377518
40,47,0.0010147010859717575
40,48,0.0020656414964425065
40,49,0.001183817933633717
40,51,0.0010992595098027374
40,52,0.0012925359071306911
40,53,0.003877607721392073
40,54,0.0006281482913158498
40,55,0.0015582909534566276
40,56,0.0008939033376417863
40,57,0.000954302211806772
40,58,0.0014495729799596535
40,59,0.001401253880627665
40,60,0.00022951572182694515
40,61,0.0005798291919838614
40,62,0.0015703707282896248
40,63,0.0008697437879757921
40,65,0.0015099718541246392
40,67,0.00280250776125533
40,68,0.0014374932051266565
40,69,0.000531510092651873
40,70,0.0015462111786236305
40,71,4.831909933198845e-05
40,72,0.00013287752316296824
40,73,0.00013287752316296824
40,74,0.00012079774832997113
40,75,0.0007610258144788181
40,76,8.455842383097979e-05
40,77,0.00013287752316296824
40,78,0.0016186898276216131
40,80,6.039887416498556e-05
40,82,7.247864899798268e-05
40,83,0.0036118526750661367
40,84,0.0031769807810782405
40,85,0.0003140741456579249
40,86,0.00042279211915489896
40,87,0.00027783482115893357
40,88,0.0005677494171508643
40,90,0.00010871797349697401
40,91,0.00018119662249495668
40,94,0.004046724569054033
40,95,4.831909933198845e-05
40,96,0.00041071234432190186
40,97,0.00041071234432190186
40,98,0.00015703707282896246
40,99,0.002923305509585301
40,100,0.0010388606356377518
40,104,0.006957950303806337
40,105,0.0005919089668168585
40,106,0.0014737325296256478
40,107,0.000966381986639769
40,108,0.0004831909933198845
40,109,0.0007851853641448124
40,110,8.455842383097979e-05
40,111,0.00024159549665994225
40,112,0.00014495729799596536
40,114,9.66381986639769e-05
40,115,0.00018119662249495668
40,116,0.00018119662249495668
40,117,0.0003019943708249278
40,118,6.039887416498556e-05
40,119,0.0003986325694889047
40,120,0.0002536752714929394
40,121,0.0012200572581327084
40,122,0.0005556696423178671
40,123,0.0008818235628087893
40,124,0.00020535617216095093
40,125,0.0010267808608047547
40,126,0.0002899145959919307
40,127,0.00016911684766195958
40,128,0.000531510092651873
40,129,0.00044695166882089316
40,130,0.0003019943708249278
40,131,0.0002899145959919307
41,41,0.9417801853474601
41,42,0.00017260150296077962
41,43,0.00011949334820361666
41,44,0.001327703868929074
41,45,0.0007169600892217
41,46,0.0004514193154358852
41,47,0.0006240208183966648
41,48,0.0007435141666002814
41,49,0.001380812023686237
41,51,0.0022703736158687167
41,52,0.0016463527974720517
41,53,0.00179240022305425
41,54,0.0001593244642714889
41,55,0.0013409809076183649
41,56,0.0008231763987360259
41,57,0.0005310815475716296
41,58,0.001686183913539924
41,59,0.0007833452826681537
41,60,0.0001327703868929074
41,61,0.0015268594492684352
41,62,0.0021110491515972277
41,63,0.001221487559414748
41,65,0.003624631562176372
41,66,0.00017260150296077962
41,67,0.00250936031227595
41,68,0.001327703868929074
41,69,0.00010621630951432593
41,74,0.013024774954194216
41,75,0.0023367588093151704
41,76,0.0001593244642714889
41,77,0.0001327703868929074
41,78,0.0008364534374253167
41,83,0.0016330757587827611
41,84,0.0014737512945112723
41,85,5.310815475716296e-05
41,86,9.293927082503518e-05
41,87,6.63851934464537e-05
41,88,0.00017260150296077962
41,91,0.0001327703868929074
41,92,0.001128548288589713
41,93,0.0019118935712578665
41,94,9.293927082503518e-05
41,96,6.63851934464537e-05
41,97,0.0002257096577179426
41,98,7.966223213574445e-05
41,99,0.0015135824105791443
41,100,0.000305371889853687
41,101,6.63851934464537e-05
41,103,0.00011949334820361666
41,104,6.63851934464537e-05
41,105,5.310815475716296e-05
41,106,0.00010621630951432593
41,107,0.00011949334820361666
41,108,0.0002655407737858148
41,109,0.0001991555803393611
41,115,0.00018587854165007036
41,116,0.00014604742558219815
41,117,5.310815475716296e-05
41,118,0.00010621630951432593
41,120,0.0001593244642714889
41,121,0.0002920948511643963
41,122,0.0002655407737858148
41,123,9.293927082503518e-05
41,125,0.00041158819936801293
41,128,0.00018587854165007036
41,129,0.00014604742558219815
41,130,6.63851934464537e-05
42,42,0.9406771690571362
42,43,0.002033858452856807
42,44,0.0003997178462261933
42,45,0.00022337173759699036
42,46,0.0007524100634845991
42,47,0.0006113331765812368
42,48,0.0003291794027745121
42,50,0.009122972019750764
42,51,0.0007171408417587585
42,52,0.0002116153303550435
42,53,0.0010345638372913238
42,54,4.7025628967787444e-05
42,55,0.0011521279097107923
42,56,0.0004937691041617682
42,57,0.004291088643310605
42,58,0.0004820126969198213
42,59,0.00045849988243592757
42,61,0.000670115212790971
42,62,0.00047025628967787447
42,63,0.002045614860098754
42,64,0.000423230660710087
42,65,0.000505525511403715
42,67,0.0016341406066306137
42,68,0.0033505760639548554
42,69,0.0013637432400658359
42,70,0.00034093581001645896
42,75,0.00019985892311309665
42,80,0.008817305431460146
42,81,0.00041147425346814014
42,82,0.0005290383258876088
42,83,0.0012814483893722078
42,84,0.0006113331765812368
42,85,0.00014107688690336235
42,88,0.00011756407241946862
42,92,0.0005290383258876088
42,98,0.007394780155184575
42,99,0.00047025628967787447
42,100,0.0004937691041617682
42,101,5.878203620973431e-05
42,103,8.229485069362803e-05
42,104,0.00019985892311309665
42,106,7.053844345168117e-05
42,107,0.0001763461086292029
42,109,0.0002116153303550435
42,113,0.0025158711497766284
42,115,0.0005172819186456619
42,116,7.053844345168117e-05
42,120,5.878203620973431e-05
42,121,0.0001528332941453092
42,122,8.229485069362803e-05
42,123,0.00011756407241946862
42,124,7.053844345168117e-05
42,125,8.229485069362803e-05
42,128,7.053844345168117e-05
42,129,5.878203620973431e-05
43,43,0.9618792880364463
43,44,0.0003914277326548586
43,45,0.0003153167846386361
43,46,0.0009242043687684162
43,47,0.0004349197029498429
43,48,0.00033706276978612824
43,49,0.00121777516825956
43,50,0.00060888758412978
43,51,0.0009242043687684162
43,52,0.0003805547400811125
43,53,0.0008480934207521937
43,55,0.0010003153167846386
43,56,0.0004892846658185732
43,57,0.0029574539800589317
43,58,0.0007393634950147329
43,59,0.0003261897772123822
43,61,0.001043807287079623
43,62,0.0005762686064085419
43,64,0.0027508671211577563
43,65,0.0005545226212610497
43,67,0.001511345967750704
43,68,0.0027508671211577563
43,69,0.0010872992573746072
43,70,0.000598014591556034
43,72,5.436496286873036e-05
43,74,6.523795544247644e-05
43,75,0.0003805547400811125
43,77,7.61109480162225e-05
43,81,0.006143240804166531
43,82,0.00030444379206489
43,83,0.0014569810048819737
43,84,0.00060888758412978
43,92,0.00047841167324482717
43,93,0.0021745985147492144
43,94,8.698394058996857e-05
43,95,0.00014134890345869893
43,96,5.436496286873036e-05
43,97,9.785693316371466e-05
43,98,0.0007719824727359711
43,99,0.0005327766361135575
43,100,0.00029357079949114397
43,107,5.436496286873036e-05
43,108,0.00030444379206489
43,113,0.00013047591088495287
43,115,5.436496286873036e-05
43,120,4.349197029498429e-05
43,121,0.00011960291831120679
43,122,5.436496286873036e-05
43,123,8.698394058996857e-05
43,125,0.00010872992573746072
43,128,7.61109480162225e-05
43,129,5.436496286873036e-05
44,44,0.9238035480987417
44,45,0.001701849687134704
44,46,0.0008767104448875748
44,47,0.0015815168809736643
44,48,0.0013322560682115106
44,49,0.0019511104998968577
44,50,8.595200440074262e-05
44,51,0.0016502784844942583
44,52,0.002784844942584061
44,53,0.0023722753214604963
44,54,0.00029223681496252495
44,55,0.0008337344426872034
44,56,0.0013924224712920305
44,57,0.0007134016365261638
44,58,0.0018909440968163378
44,59,0.0021488001100185656
44,60,0.00036099841848311905
44,61,0.0009712576497283916
44,62,0.00268170253730317
44,63,0.0008251392422471292
44,64,4.297600220037131e-05
44,65,0.0015557312796534415
44,66,0.00019768961012170804
44,67,0.004108505810355497
44,68,0.0019081344976964864
44,69,0.0006188544316853469
44,70,0.004022553805954755
44,71,8.595200440074262e-05
44,72,0.0003180224162827477
44,73,0.000653235233445644
44,74,0.00047273602420408445
44,75,0.0014439936739324762
44,76,0.00010314240528089115
44,77,0.0002062848105617823
44,78,0.0012806848655710652
44,79,6.87616035205941e-05
44,80,0.0001375232070411882
44,81,9.454720484081689e-05
44,82,0.00012033280616103967
44,83,0.0035756033830708933
44,84,0.0033607233720690365
44,85,0.00014611840748126248
44,86,0.0005157120264044558
44,87,0.00026645121364230216
44,88,0.0007134016365261638
44,89,0.00010314240528089115
44,90,0.00010314240528089115
44,91,0.0002062848105617823
44,92,0.003369318572509111
44,93,0.0032232001650278484
44,94,0.00028364161452245067
44,95,7.735680396066837e-05
44,96,0.000326617616722822
44,97,0.00036099841848311905
44,98,0.00019768961012170804
44,99,0.003214604964587774
44,100,0.0006360448325654954
44,101,7.735680396066837e-05
44,102,8.595200440074262e-05
44,103,0.0004383552224437874
44,104,0.0003008320154025992
44,105,0.00036099841848311905
44,106,0.000850924843567352
44,107,0.0006790208347658667
44,108,0.00047273602420408445
44,109,0.0007735680396066836
44,110,6.87616035205941e-05
44,111,0.00019768961012170804
44,112,0.00018909440968163378
44,113,6.0166403080519835e-05
44,114,9.454720484081689e-05
44,115,0.00021488001100185657
44,116,0.0002578560132022279
44,117,0.00018909440968163378
44,118,0.00010314240528089115
44,119,0.00028364161452245067
44,120,0.00042976002200371315
44,121,0.0009454720484081689
44,122,0.0006618304338857182
44,123,0.0007391872378463866
44,124,9.454720484081689e-05
44,125,0.0011173760572096541
44,126,0.00019768961012170804
44,127,0.00014611840748126248
44,128,0.00040397442068349035
44,129,0.0005672832290449013
44,130,0.00042116482156363886
44,131,0.0002062848105617823
45,45,0.9234829607271962
45,46,0.000807215807391289
45,47,0.0008352928789527252
45,48,0.0008563506826238023
45,49,0.0010669287193345734
45,50,3.5096339451795175e-05
45,51,0.005320605060892149
45,52,0.000975678236759906
45,53,0.003951847822272137
45,54,0.0008212543431720072
45,55,0.0005124065559962095
45,56,0.0012283718808128313
45,57,0.00014740462569753975
45,58,0.0012564489523742674
45,59,0.001972414277190889
45,60,0.0007651002000491349
45,61,0.0004702909486540554
45,62,0.0017127013652476046
45,63,0.00035798266240831084
45,65,0.0004351946092022602
45,67,0.003004246657073667
45,68,0.0007580809321587758
45,69,0.00044923314498297826
45,70,0.00196539500930053
45,71,5.615414312287228e-05
45,72,0.00016846242936861686
45,73,0.00014740462569753975
45,74,0.0001193275541361036
45,75,0.0007019267890359035
45,76,2.807707156143614e-05
45,77,6.317341101323132e-05
45,78,0.00023163584038184818
45,83,0.0026813603341171517
45,87,0.006296283297652055
45,88,0.0011230828624574456
45,89,5.615414312287228e-05
45,90,0.00016846242936861686
45,91,9.82697504650265e-05
45,92,0.0033060751763591056
45,93,0.0038255010002456744
45,94,0.00038605973396974697
45,96,0.0005475028954480048
45,97,0.00032990559084687465
45,98,0.0001544238935878988
45,100,0.002105780367107711
45,101,0.00010528901835538553
45,102,0.00023163584038184818
45,103,0.000996736040430983
45,104,0.00035096339451795176
45,105,0.0003720211981890289
45,106,0.000575579967009441
45,107,0.0006738497174744674
45,108,0.0005685606991190819
45,109,0.001207314077141754
45,110,0.00018952023303969395
45,114,0.00011230828624574456
45,115,0.00025971291194328434
45,122,0.00953216579510757
45,123,0.001417892113852525
45,124,0.0002807707156143614
45,126,0.00034394412662759274
45,129,0.005980416242585898
45,130,0.000610676306461236
45,131,0.0003369248587372337
46,46,0.9479762110976384
46,47,0.0013445184067044451
46,48,0.001121806768784077
46,49,0.0008990951308637087
46,50,6.598863345788687e-05
46,51,0.0013940098817978603
46,52,0.0007423721264012274
46,53,0.003282934514529872
46,54,0.00014022584609800961
46,55,0.0011795468230597279
46,56,0.0011465525063307845
46,57,0.0006763834929433405
46,58,0.0010805638728728975
46,59,0.001888924632732012
46,60,0.00029694885056049097
46,61,0.0009815809226860672
46,62,0.0016084729405359927
46,63,0.0009320894475926522
46,64,9.073437100459445e-05
46,65,0.00040418037992955713
46,67,0.0023590936461194557
46,68,0.0009403380267748881
46,69,0.0001237286877335379
46,70,0.0014352527777090397
46,71,7.423721264012274e-05
46,72,9.898295018683032e-05
46,73,4.949147509341516e-05
46,74,0.00011548010855130203
46,78,0.000882597972499237
46,79,3.2994316728943436e-05
46,80,3.2994316728943436e-05
46,81,4.949147509341516e-05
46,82,4.12428959111793e-05
46,83,0.0029199970305114945
46,84,0.002878754134600315
46,85,0.0001814687420091889
46,86,0.0002722031130137834
46,87,0.00032169458810719855
46,88,0.0007093778096722839
46,90,9.898295018683032e-05
46,91,9.898295018683032e-05
46,92,0.0039345722699265055
46,93,0.002243613537568154
46,94,0.00019796590037366064
46,95,4.12428959111793e-05
46,96,0.00023096021710260407
46,97,0.00017322016282695306
46,98,0.00010723152936906618
46,99,0.0023260993293905126
46,100,0.0003959318007473213
46,101,0.00010723152936906618
46,102,0.00011548010855130203
46,103,0.00028870027137825507
46,104,0.0005114119092986233
46,105,0.0003629374840183778
46,106,0.0006598863345788688
46,107,0.0004949147509341516
46,108,0.0003876832215650854
46,109,0.00044542327584073645
46,110,0.00011548010855130203
46,111,8.24857918223586e-05
46,112,7.423721264012274e-05
46,114,8.24857918223586e-05
46,115,0.00010723152936906618
46,116,0.00018971732119142478
46,117,0.00014022584609800961
46,119,0.00029694885056049097
46,120,0.0002474573754670758
46,121,0.0007423721264012274
46,122,0.000701129230490048
46,123,0.0008908465516814729
46,124,9.073437100459445e-05
46,125,0.0005609033843920385
46,126,0.0002474573754670758
46,127,5.774005427565102e-05
46,128,0.0002639545338315475
46,129,0.00043717469665850055
46,130,0.0004289261174762647
46,131,0.00017322016282695306
47,47,0.948907435508346
47,48,0.0011229135053110774
47,49,0.0012898330804248861
47,50,6.828528072837632e-05
47,51,0.0013732928679817905
47,52,0.0013125948406676783
47,53,0.0015250379362670714
47,54,0.00018968133535660092
47,55,0.0007283763277693475
47,56,0.0012898330804248861
47,57,0.0007663125948406677
47,58,0.0013201820940819424
47,59,0.0019650986342943854
47,60,0.0003110773899848255
47,61,0.0007587253414264037
47,62,0.0017298937784522002
47,63,0.0007663125948406677
47,64,0.00015933232169954475
47,65,0.0007359635811836115
47,66,5.3110773899848256e-05
47,67,0.0030349013657056147
47,68,0.0009787556904400608
47,69,0.0003110773899848255
47,70,0.001433990895295903
47,71,3.0349013657056145e-05
47,72,6.069802731411229e-05
47,73,0.00013657056145675265
47,74,0.00012898330804248862
47,75,0.0007283763277693475
47,76,6.069802731411229e-05
47,77,9.863429438543247e-05
47,78,0.0010849772382397571
47,80,0.00010622154779969651
47,81,0.00010622154779969651
47,82,9.104704097116843e-05
47,83,0.0032473444613050077
47,84,0.0029742033383915022
47,85,0.00018209408194233686
47,86,0.00015174506828528073
47,87,0.0002883156297420334
47,88,0.0006980273141122913
47,89,3.793626707132018e-05
47,90,0.00011380880121396055
47,91,0.00018209408194233686
47,92,0.0031107738998482548
47,93,0.002511380880121396
47,94,0.00017450682852807284
47,95,4.5523520485584216e-05
47,96,0.00012139605462822458
47,97,0.00023520485584218513
47,98,0.00012139605462822458
47,99,0.0025720789074355085
47,100,0.0003717754172989378
47,101,6.828528072837632e-05
47,102,9.104704097116843e-05
47,103,0.00023520485584218513
47,104,0.00028072837632776935
47,105,0.0002959028831562974
47,106,0.00038694992412746583
47,107,0.0003186646433990895
47,108,0.0003717754172989378
47,109,0.0005690440060698028
47,110,6.069802731411229e-05
47,111,0.0001441578148710167
47,112,9.863429438543247e-05
47,113,3.0349013657056145e-05
47,114,0.00011380880121396055
47,115,0.0001441578148710167
47,116,0.00017450682852807284
47,117,0.00019726858877086494
47,118,7.587253414264036e-05
47,119,0.00024279210925644916
47,120,0.0003414264036418816
47,121,0.0003717754172989378
47,122,0.0005614567526555387
47,123,0.0008497723823975721
47,124,0.0001441578148710167
47,125,0.0006676783004552352
47,126,0.00018209408194233686
47,127,6.828528072837632e-05
47,128,0.00012898330804248862
47,129,0.00040971168437025794
47,130,0.00030349013657056146
47,131,0.0001441578148710167
48,48,0.9446711954421879
48,49,0.001102923097457657
48,50,4.2149927291375426e-05
48,51,0.0013558226612059095
48,52,0.0013628476490878054
48,53,0.002107496364568771
48,54,0.0002037246485749812
48,55,0.0009272984004102593
48,56,0.001454172491552452
48,57,0.00023884958798446072
48,58,0.002557095589010109
48,59,0.0017351720068282883
48,60,0.00026694953951204436
48,61,0.0006252239214887354
48,62,0.0019388966554032695
48,63,0.0006673738487801108
48,65,0.0016789721037731209
48,66,7.727486670085494e-05
48,67,0.0034914189773022643
48,68,0.0008921734610007798
48,69,0.00011942479399223036
48,70,0.001685997091655017
48,71,7.024987881895904e-05
48,72,0.00013347476975602218
48,73,0.000512824115378401
48,74,0.0001966996606930853
48,75,0.0014822724430800357
48,76,0.00013347476975602218
48,77,0.0003090994668034198
48,78,0.00040042430926806653
48,79,2.8099951527583614e-05
48,83,0.003856718347160851
48,84,0.0029575198982781754
48,85,0.00014049975763791807
48,86,0.0003301744304491075
48,87,0.0002037246485749812
48,88,0.0005198491032602969
48,89,7.024987881895904e-05
48,90,0.00011239980611033445
48,91,0.00025992455163014843
48,92,0.0042922675958383975
48,93,0.0021496462918601466
48,94,0.0003090994668034198
48,95,2.8099951527583614e-05
48,96,0.0002247996122206689
48,97,0.00014049975763791807
48,98,5.619990305516723e-05
48,99,0.0025219706496006295
48,100,0.0003371994183310034
48,101,7.727486670085494e-05
48,102,0.0001545497334017099
48,103,0.00032314944256721156
48,104,0.00040042430926806653
48,105,0.00040042430926806653
48,106,0.0005971239699611518
48,107,0.0007095237760714863
48,108,0.00034422440621289927
48,109,0.00043554924867754603
48,110,6.322489093706313e-05
48,111,9.834983034654265e-05
48,112,0.0002037246485749812
48,114,8.429985458275085e-05
48,115,0.00016157472128360578
48,116,0.00016157472128360578
48,117,0.0002037246485749812
48,118,0.00016157472128360578
48,119,0.00021777462433877302
48,120,0.00031612445468531564
48,121,0.0006884488124257985
48,122,0.0005198491032602969
48,123,0.0007095237760714863
48,124,4.9174915173271326e-05
48,125,0.0007095237760714863
48,126,9.834983034654265e-05
48,127,0.00014049975763791807
48,128,0.00023884958798446072
48,129,0.0003582743819766911
48,130,0.00026694953951204436
48,131,7.727486670085494e-05
49,49,0.9305183199285076
49,50,0.003248556867859817
49,51,0.0011653744897712726
49,52,0.0009902664058160037
49,53,0.0020892205878801054
49,54,0.00015699345458058595
49,55,0.0009117696785257107
49,56,0.0010023428253991256
49,57,0.0016182402241383474
49,58,0.0011834891191459557
49,59,0.0016484312730961524
49,60,0.0002475666014540009
49,61,0.0007849672729029298
49,62,0.0014853996087240055
49,63,0.0015759727555974205
49,64,0.00029587227978648893
49,65,0.0016544694828877135
49,66,3.622925874936599e-05
49,67,0.0024877424341231314
49,68,0.0018597686158007875
49,69,0.0006279738183223438
49,70,0.0019080742941332753
49,71,7.245851749873198e-05
49,72,0.0002354901818708789
49,73,0.00016303166437214696
49,74,0.00018718450353839093
49,75,0.0008453493708185397
49,76,6.642030770717097e-05
49,77,7.245851749873198e-05
49,78,0.003007028476197377
49,79,5.4343888124048985e-05
49,80,0.00033210153853585486
49,81,0.0003441779581189769
49,82,0.00014491703499746396
49,83,0.0021073352172547885
49,85,0.003671231553269087
49,86,0.0003502161679105379
49,87,0.0002777576504118059
49,88,0.0005494770910320509
49,89,3.622925874936599e-05
49,90,6.038209791560998e-05
49,91,0.00011472598603965896
49,92,0.002596430210371229
49,101,9.661135666497597e-05
49,102,0.00016906987416370794
49,103,0.0003622925874936599
49,104,0.00021737555249619594
49,105,0.0002898340699949279
49,106,0.00036833079728522085
49,108,0.011961693597082337
49,113,0.0007185469651957587
49,114,0.0012982151051856145
49,115,0.0045045045045045045
49,116,0.002819843972658986
49,117,5.4343888124048985e-05
49,118,3.622925874936599e-05
49,119,0.0002475666014540009
49,120,0.0003502161679105379
49,121,0.0005494770910320509
49,122,0.00048305678332487983
49,123,0.0005132478322826848
49,124,0.00019322271332995194
49,125,0.0007426998043620028
49,126,0.00019322271332995194
49,127,6.642030770717097e-05
49,128,0.0002354901818708789
49,129,0.00041059826582614785
49,130,0.00021133734270463493
49,131,0.00012076419583121996
50,50,0.9397905759162304
50,51,0.0008054772452678212
50,53,0.0012753389716740502
50,54,0.0002684924150892737
50,55,0.0010068465565847766
50,56,0.0004027386226339106
50,57,0.003624647603705195
50,58,0.0008054772452678212
50,59,0.0007383541414955028
50,61,0.0005369848301785474
50,62,0.000939723452812458
50,63,0.002013693113169553
50,64,0.0006041079339508659
50,65,0.0006712310377231843
50,67,0.002617801047120419
50,68,0.002617801047120419
50,69,0.0012753389716740502
50,70,0.0006041079339508659
50,75,0.000469861726406229
50,80,0.008189018660222848
50,81,0.0020808162169418712
50,82,0.0004027386226339106
50,83,0.002013693113169553
50,85,0.0012082158679017317
50,86,0.0004027386226339106
50,92,0.0006712310377231843
50,113,0.014901329037454692
50,114,0.00033561551886159214
50,115,0.00469861726406229
50,116,0.0010068465565847766
50,124,0.0002684924150892737
51,51,0.9441501605092101
51,52,0.0012705700378715804
51,53,0.0024981739391967787
51,54,0.00041124730694394146
51,55,0.0008838748089541428
51,56,0.001503814779123368
51,57,0.0006935962042487371
51,58,0.0017370595203751557
51,59,0.0015897470522161319
51,60,0.0004971795800367053
51,61,0.0009268409455005248
51,62,0.0022281010809052353
51,63,0.0009268409455005248
51,64,9.207029259938989e-05
51,65,0.0016449892277757658
51,66,3.682811703975595e-05
51,67,0.0026393483878491765
51,68,0.0013196741939245883
51,69,0.0003805572094108115
51,70,0.002277205236958243
51,71,7.36562340795119e-05
51,72,0.00019641662421203174
51,73,0.00012889840963914583
51,74,0.00034986711187768156
51,75,0.00154678091566975
51,76,0.00013503642914577182
51,77,0.00020869266322528373
51,78,0.0009391169845137767
51,79,4.2966136546381944e-05
51,80,7.36562340795119e-05
51,81,7.97942535861379e-05
51,82,5.5242175559633926e-05
51,83,0.0027989368950214525
51,84,0.002320171373504625
51,85,0.00013503642914577182
51,86,0.0005094556190499574
51,87,0.0010311872771131666
51,88,0.0005462837360897133
51,89,3.069009753312996e-05
51,90,7.97942535861379e-05
51,91,0.0001657265266789018
51,92,0.002406103646597389
51,93,0.002958525402193728
51,94,0.0002946249363180476
51,95,3.069009753312996e-05
51,96,0.00021483068273190972
51,97,0.0003069009753312996
51,98,0.00010434633161264187
51,99,0.0024183796856106408
51,100,0.0009943591600734107
51,101,5.5242175559633926e-05
51,102,0.00013503642914577182
51,103,0.0006260779896758512
51,104,0.00020255464371865775
51,105,0.00019641662421203174
51,106,0.0003069009753312996
51,107,0.0003130389948379256
51,108,0.0005217316580632093
51,109,0.0005278696775698353
51,110,8.593227309276389e-05
51,111,9.820831210601587e-05
51,112,9.820831210601587e-05
51,113,3.682811703975595e-05
51,114,0.00010434633161264187
51,115,0.0002639348387849177
51,116,0.00012889840963914583
51,117,0.00010434633161264187
51,118,0.00013503642914577182
51,119,0.00018414058519877977
51,120,0.0002639348387849177
51,121,0.00045421344349032343
51,122,0.0017431975398817818
51,123,0.0006199399701692252
51,124,9.820831210601587e-05
51,125,0.0012091898428053204
51,126,0.0001534504876656498
51,127,0.00011048435111926785
51,128,0.00022710672174516171
51,129,0.0014178825060306042
51,130,0.0005033175995433313
51,131,0.00019027860470540575
52,52,0.947907916543692
52,53,0.0017538084319022862
52,54,0.00010783935341793993
52,55,0.0006981179194950848
52,56,0.0014189388607623674
52,57,0.0002440574840511272
52,58,0.0016629963448134947
52,59,0.0017821872091175336
52,60,0.00025540899493722613
52,61,0.0010556905124072015
52,62,0.0023270597316502827
52,63,0.0006356846096215406
52,66,0.00438735895747724
52,67,0.0031386927600063567
52,68,0.0012486661974708835
52,69,0.00017594841873453355
52,70,0.0023497627534224807
52,71,2.837877721524735e-05
52,72,0.00018162417417758305
52,73,0.0002610847503802756
52,74,0.00021567870683587986
52,75,0.0018446205189910777
52,76,0.00030081503848162193
52,77,0.0003802756146843145
52,78,0.0004200059027856608
52,81,2.270302177219788e-05
52,83,0.002923014053170477
52,84,0.002173814334687947
52,85,0.0002270302177219788
52,86,0.00023838172860807773
52,87,0.00019297568506368199
52,88,0.00038595137012736397
52,89,3.973028810134629e-05
52,90,5.108179898744523e-05
52,91,0.00014756964151928622
52,92,0.003553022907348968
52,93,0.001850296274434127
52,94,0.00019297568506368199
52,96,0.00015892115240538515
52,97,0.00015892115240538515
52,98,3.405453265829682e-05
52,100,0.000278112016709424
52,101,6.810906531659364e-05
52,102,9.648784253184099e-05
52,103,0.00028946352759552294
52,104,0.0004540604354439576
52,105,0.0003802756146843145
52,106,0.0005108179898744523
52,107,0.00044270892455785865
52,108,0.0005902785660771449
52,109,0.0004654119463300565
52,110,4.540604354439576e-05
52,112,0.0037176198151974028
52,114,0.00013621813063318728
52,115,0.00017594841873453355
52,116,0.0003518968374690671
52,117,0.0001305423751901378
52,118,0.0002440574840511272
52,119,0.00031216654936772086
52,120,0.0002270302177219788
52,121,0.0008627148273435194
52,122,0.0005335210116466501
52,123,0.0004881149681022544
52,124,9.081208708879152e-05
52,125,0.0006867664086089858
52,126,0.00013621813063318728
52,127,6.243330987354417e-05
52,128,0.0002837877721524735
52,129,0.0003405453265829682
52,130,0.0003575725929121166
52,131,6.243330987354417e-05
53,53,0.9334831363800471
53,54,0.003055335521104447
53,55,0.0009268389940563755
53,56,0.0013579268982686432
53,57,0.0008136784192006553
53,58,0.0017297402156517241
53,59,0.0017674604072702976
53,60,0.00036642471858042754
53,61,0.0010777197605306692
53,62,0.0022793772935223652
53,63,0.0008136784192006553
53,65,0.0019075639761392846
53,66,0.00016704656288225373
53,67,0.0039013455331210227
53,68,0.0015680822515721237
53,69,0.0006304660599104415
53,70,0.001648911233611924
53,71,5.388598802653346e-05
53,72,0.0001616579640796004
53,73,0.00020476675450082716
53,74,0.0002101553533034805
53,75,0.0021716053174692983
53,76,0.0001508807664742937
53,77,0.00022632114971144054
53,78,0.0008621758084245354
53,79,2.1554395210613385e-05
53,80,6.466318563184015e-05
53,81,5.927458682918681e-05
53,82,7.544038323714685e-05
53,83,0.003157718898354861
53,84,0.003190050491170781
53,85,0.0003125387305538941
53,86,0.0007813468263847352
53,87,0.0008675644072271887
53,88,0.0006951292455422817
53,89,5.388598802653346e-05
53,90,0.00011854917365837362
53,91,0.0001616579640796004
53,92,0.003362485652855688
53,96,0.004531811593031464
53,97,0.0003179273293565474
53,98,0.00019398955689552046
53,100,0.002069221940218885
53,101,6.466318563184015e-05
53,102,0.00016704656288225373
53,103,0.0005819686706865614
53,104,0.0007651810299767752
53,105,0.00044725370062022774
53,106,0.0009861135808855624
53,107,0.0006466318563184015
53,108,0.001228600527004963
53,109,0.0010615539641227092
53,110,0.00018321235929021377
53,111,0.0028882889582221936
53,112,0.00028559573654062735
53,113,7.544038323714685e-05
53,114,0.00022632114971144054
53,115,0.0005226940838573746
53,116,0.00036642471858042754
53,117,0.0001993781556981738
53,118,0.00015626936527694704
53,119,0.00029637293414593404
53,120,0.0003394817245671608
53,121,0.000856787209621882
53,122,0.0011154399521492427
53,123,0.000824455616805962
53,124,0.00017782376048756043
53,126,0.00018860095809286712
53,127,0.0017620718084676442
53,128,0.0005550256766732947
53,129,0.0009753363832802557
53,130,0.00033409312576450747
53,131,0.00013471497006633366
54,54,0.9504239114815347
54,58,0.0005029458255496479
54,59,0.0013651386693490444
54,60,0.00043109642189969824
54,61,0.00035924701824974854
54,62,0.0005747952291995977
54,67,0.0040235666043971835
54,68,0.0007903434401494467
54,69,0.0013651386693490444
54,70,0.0005747952291995977
54,75,0.00028739761459979884
54,83,0.0009340422474493462
54,84,0.0023710303204483403
54,85,0.00035924701824974854
54,86,0.001724385687598793
54,87,0.0012932892656990947
54,88,0.00035924701824974854
54,92,0.0013651386693490444
54,96,0.00747233797959477
54,97,0.0005747952291995977
54,100,0.006035349906595776
54,103,0.0007903434401494467
54,106,0.0009340422474493462
54,107,0.0005029458255496479
54,108,0.0006466446328495473
54,109,0.0018680844948986924
54,110,0.00028739761459979884
54,111,0.0018680844948986924
54,114,0.00035924701824974854
54,115,0.0005747952291995977
54,121,0.0006466446328495473
54,122,0.0007903434401494467
54,124,0.00028739761459979884
54,127,0.0023710303204483403
54,128,0.0005029458255496479
54,129,0.0012932892656990947
55,55,0.9646311338725997
55,56,0.0008365977604051847
55,57,0.0007291966965693839
55,58,0.001367950392013883
55,59,0.0009270407615300694
55,60,0.00021480212767160148
55,61,0.0009100826988191536
55,62,0.0016223213326776215
55,63,0.0010796633259283126
55,64,9.044300112488483e-05
55,65,0.0021706320269972356
55,66,0.00013001181411702195
55,67,0.003222031915074022
55,68,0.001237938577896861
55,69,0.00027698169094495976
55,70,0.0028941760359963145
55,71,0.00013001181411702195
55,72,0.00014131718925763253
55,73,0.00014131718925763253
55,74,0.00028263437851526506
55,75,0.0009835676372331225
55,76,3.391612542183181e-05
55,77,0.00011305375140610603
55,78,0.0012435912654671663
55,80,0.00010174837626549543
55,81,4.5221500562442414e-05
55,82,5.6526875703053014e-05
55,83,0.0023684760919579213
55,84,0.0014583933931387677
55,85,0.00011305375140610603
55,86,0.00013001181411702195
55,87,9.609568869519013e-05
55,88,0.00021480212767160148
55,89,3.956881299213711e-05
55,90,3.391612542183181e-05
55,91,0.00011305375140610603
55,92,0.0016505847705291482
55,93,0.0015601417694042633
55,94,0.00014696987682793783
55,95,3.391612542183181e-05
55,96,0.00016392793953885374
55,97,0.00012435912654671665
55,98,0.00010174837626549543
55,99,0.0011701063270531974
55,100,0.00023741287795282266
55,101,3.956881299213711e-05
55,102,5.6526875703053014e-05
55,103,0.00014696987682793783
55,104,0.00027698169094495976
55,105,0.00014131718925763253
55,106,0.00023176019038251736
55,107,0.00023741287795282266
55,108,0.0003222031915074022
55,109,0.00019784406496068556
55,110,3.391612542183181e-05
55,111,3.391612542183181e-05
55,112,7.913762598427422e-05
55,113,6.217956327335832e-05
55,114,5.6526875703053014e-05
55,115,6.783225084366361e-05
55,116,0.00010174837626549543
55,117,0.00010174837626549543
55,118,4.5221500562442414e-05
55,119,6.217956327335832e-05
55,120,0.00010740106383580074
55,121,0.0005991848824523619
55,122,0.00029393975365587567
55,123,0.0002543709406637386
55,124,5.6526875703053014e-05
55,125,0.0003165505039370969
55,126,5.6526875703053014e-05
55,127,2.8263437851526507e-05
55,128,0.00015827525196854844
55,129,0.00017523331467946435
55,130,0.00018088600224976965
55,131,9.044300112488483e-05
56,56,0.9560179977502812
56,57,0.0002592067295935834
56,58,0.00140362889421431
56,59,0.0014769892893823054
56,60,0.00024453465055998433
56,61,0.0007482760307135521
56,62,0.0020100748276030713
56,63,0.0009732479092287378
56,65,0.001423191666259109
56,66,0.0001173766322687925
56,67,0.002450237198611043
56,68,0.0008020736538367487
56,69,0.0002249718785151856
56,70,0.0011688756296767252
56,71,4.401623710079718e-05
56,72,0.00010759524624639311
56,73,9.781386022399374e-05
56,74,0.0001124859392575928
56,77,0.0036826918374333645
56,78,0.0005184134591871668
56,80,3.423485107839781e-05
56,81,2.9344158067198123e-05
56,83,0.003046901745977405
56,84,0.0021078886878270653
56,85,0.00018584633442558812
56,86,0.00018095564141438843
56,87,0.00024453465055998433
56,88,0.00038636474788477526
56,89,5.3797623123196556e-05
56,90,4.890693011199687e-05
56,91,0.00013204871130239156
56,93,0.0017166332469310901
56,94,0.00013693940431359124
56,95,2.9344158067198123e-05
56,96,0.00018095564141438843
56,97,0.00017117425539198904
56,98,7.33603951679953e-05
56,99,0.0025969579889470336
56,100,0.0003472392037951778
56,101,0.005531373795666846
56,102,0.00012715801829119185
56,103,0.0003668019758399765
56,104,0.00040103682691837434
56,105,0.00036191128282877686
56,106,0.0005330855382207659
56,107,0.00047439722208636963
56,108,0.0005135227661759672
56,109,0.00040103682691837434
56,110,6.357900914559592e-05
56,111,0.0002934415806719812
56,112,0.00018584633442558812
56,114,0.00010270455323519343
56,115,0.0001516114833471903
56,116,0.00023964395754878467
56,117,0.00013693940431359124
56,118,0.00024942534357118404
56,119,0.0003961461339071746
56,120,0.0002689881156159828
56,121,0.0005673203892991637
56,122,0.0004157089059519734
56,123,0.0006455714774783587
56,124,8.314178119039468e-05
56,125,0.0007238225656575537
56,126,0.0001467207903359906
56,127,0.00013693940431359124
56,128,0.00024453465055998433
56,129,0.0003472392037951778
56,130,0.00017117425539198904
56,131,0.0001124859392575928
57,57,0.9675728895382074
57,58,0.0007940036841770946
57,59,0.00020644095788604458
57,61,0.001307459399944949
57,62,0.0005134557157678545
57,63,0.0022232103156958646
57,64,0.00048698892629528466
57,65,0.0005769760105020221
57,66,2.646678947256982e-05
57,67,0.0018738486946579432
57,68,0.003991191852463528
57,69,0.0014133265578352284
57,70,0.0005610959368184802
57,71,2.646678947256982e-05
57,72,3.7053505261597744e-05
57,74,5.8226936839653605e-05
57,75,0.0003546549789324356
57,76,2.646678947256982e-05
57,77,4.2346863156111714e-05
57,82,0.008389972262804633
57,83,0.0012598191788943233
57,84,0.0005081623578733405
57,85,2.1173431578055857e-05
57,88,2.646678947256982e-05
57,90,2.1173431578055857e-05
57,91,3.176014736708378e-05
57,92,0.00031760147367083783
57,93,0.0029642804209278196
57,94,6.881365262868153e-05
57,95,0.0002752546105147261
57,96,7.410701052319549e-05
57,97,0.00016938745262444686
57,98,0.0007410701052319549
57,99,0.00025408117893667025
57,100,0.0004816955684007707
57,101,2.1173431578055857e-05
57,104,0.00010586715789027928
57,106,7.940036841770946e-05
57,107,5.8226936839653605e-05
57,108,0.0008469372631222343
57,109,3.176014736708378e-05
57,112,3.7053505261597744e-05
57,113,0.0005028689999788266
57,115,0.00015350737894090496
57,120,3.176014736708378e-05
57,121,5.8226936839653605e-05
57,122,4.764022105062568e-05
57,123,2.646678947256982e-05
57,125,4.764022105062568e-05
57,129,2.646678947256982e-05
57,130,3.7053505261597744e-05
58,58,0.9548728905313912
58,59,0.001939243454451839
58,60,0.00035127735031013457
58,61,0.001063456087925202
58,62,0.0035945778175571308
58,63,0.000880599385024036
58,65,0.0017756348255402693
58,66,0.00017323266590636775
58,67,0.0025551818221189243
58,68,0.001106764254401794
58,69,0.00015398459191677132
58,70,0.0019777396024310318
58,71,7.218027746098656e-05
58,72,0.0001347365179271749
58,73,0.00010105238844538119
58,74,0.00028872110984394625
58,75,0.001761198770048072
58,76,0.00015398459191677132
58,77,0.0003753374427971301
58,78,0.0005726302011904934
58,81,1.9248073989596415e-05
58,82,3.368412948179373e-05
58,84,0.0023915731932073548
58,85,0.00010105238844538119
58,86,0.00020210477689076238
58,87,0.00018766872139856506
58,88,0.0004571417572529149
58,91,0.007025547006202692
58,92,0.002353077045228162
58,93,0.0018141309735194623
58,94,0.0001347365179271749
58,95,3.849614797919283e-05
58,96,0.00017804468440376685
58,97,0.00014436055492197313
58,98,8.180431445578477e-05
58,99,0.002492625581652736
58,100,0.0002935331283413453
58,101,0.00016360862891156953
58,102,7.699229595838566e-05
58,103,0.00022616486937775788
58,104,0.00020691679538816147
58,105,0.00018766872139856506
58,106,0.00028390909134654713
58,107,0.00028872110984394625
58,108,0.0005918782751800898
58,109,0.00033684129481793726
58,110,7.699229595838566e-05
58,111,0.00019729275839336325
58,112,0.00017323266590636775
58,113,2.406009248699552e-05
58,114,7.699229595838566e-05
58,115,0.00019729275839336325
58,116,0.0002357889063725561
58,117,0.0002357889063725561
58,118,0.00016842064740896863
58,119,0.00022616486937775788
58,120,0.00028872110984394625
58,121,0.0006784946081332736
58,122,0.0004715778127451122
58,123,0.0005774422196878925
58,124,8.180431445578477e-05
58,125,0.0006977426821228701
58,126,9.142835145058297e-05
58,127,0.00015398459191677132
58,128,0.0002502249618647534
58,129,0.0004090215722789238
58,130,0.00032240523932573994
58,131,0.0001203004624349776
59,59,0.9249705480420338
59,60,0.006682060223363649
59,61,0.00038640968851609255
59,62,0.0025116629753546018
59,63,0.0003345742424956411
59,65,0.0007162716177371471
59,66,5.6547759295037936e-05
59,67,0.0029122096036944536
59,68,0.0008010932566797041
59,69,0.0001837802177088733
59,70,0.001408981669101362
59,71,3.7698506196691955e-05
59,72,8.953395221714339e-05
59,73,9.424626549172988e-05
59,74,8.953395221714339e-05
59,75,0.0006031760991470713
59,76,5.183544602045144e-05
59,77,0.00012252014513924886
59,78,0.00022147872390556524
59,83,0.003718015173648744
59,88,0.014245323029074972
59,89,7.068469911879742e-05
59,90,0.0002403279770039112
59,91,0.0005042175203807549
59,92,0.004132698741812356
59,93,0.003336317798407238
59,94,0.00028273879647518966
59,96,0.0003487111823194006
59,97,0.00025446491682767073
59,98,0.00010367089204090288
59,100,0.00047123132745864946
59,101,0.00019320484425804627
59,102,0.0003392865557702276
59,103,0.00028745110974977614
59,104,0.000447669761085717
59,105,0.0003392865557702276
59,106,0.0007021346779133877
59,107,0.00047123132745864946
59,108,0.0013147354036096319
59,110,0.0016068988266339946
59,113,5.183544602045144e-05
59,114,0.00039112200179067903
59,115,0.0005183544602045144
59,120,0.009080627680128175
59,121,0.001752980538146176
59,122,0.0013288723434333914
59,126,0.0030064558691861834
59,130,0.006583101644597333
59,131,0.0015833372602610622
60,60,0.9306282094351395
60,61,0.00040792820463598405
60,62,0.002759514325478716
60,63,0.0004799155348658636
60,65,0.0007198733022987954
60,67,0.0034074002975476316
60,69,0.0010558141767049
60,70,0.0015117339348274703
60,73,9.598310697317272e-05
60,75,0.0004559197581225704
60,76,0.0001199788837164659
60,78,0.00019196621394634543
60,83,0.003551374958007391
60,88,0.013101694101838077
60,90,0.000263953544176225
60,91,0.00038393242789269087
60,100,0.004391227144022652
60,103,0.004415222920765945
60,104,0.0004559197581225704
60,105,0.0004799155348658636
60,106,0.0008398521860152613
60,107,0.000671881748812209
60,108,0.0012717761673945386
60,110,0.0016557085952872295
60,114,0.0003599366511493977
60,115,0.00043192398137927723
60,130,0.021236262417814466
60,131,0.004343235590536065
61,61,0.9792164653309537
61,62,0.0014314487454177582
61,63,0.001234165745248003
61,65,0.001812250815512867
61,66,0.00010552346520707833
61,67,0.002156349071622905
61,68,0.0010414707218263817
61,69,0.00015599120943655059
61,70,0.001550736140869238
61,71,5.964369772573993e-05
61,72,8.717155821454297e-05
61,73,2.29398837406692e-05
61,74,0.00016975513968095208
61,75,0.0012892214662256092
61,76,0.00013305132569588137
61,77,0.00012846334894774753
61,78,0.0006927844889682099
61,82,5.505572097760609e-05
61,83,0.001784722955024064
61,84,0.0010322947683301142
61,85,5.505572097760609e-05
61,86,5.964369772573993e-05
61,87,3.670381398507072e-05
61,88,0.00016057918618468442
61,89,2.29398837406692e-05
61,91,0.00016057918618468442
61,92,0.0010735865590633187
61,93,0.0010139428613375788
61,94,3.670381398507072e-05
61,96,3.670381398507072e-05
61,97,2.7527860488803044e-05
61,98,5.046774422947224e-05
61,99,0.0007294883029532807
61,100,5.046774422947224e-05
61,101,2.7527860488803044e-05
61,102,2.29398837406692e-05
61,103,5.964369772573993e-05
61,104,8.717155821454297e-05
61,105,0.00010093548845894448
61,106,0.00011928739545147986
61,107,8.258358146640913e-05
61,108,0.00016516716293281825
61,109,5.505572097760609e-05
61,110,2.7527860488803044e-05
61,111,5.505572097760609e-05
61,112,5.046774422947224e-05
61,115,7.799560471827529e-05
61,116,5.964369772573993e-05
61,117,4.58797674813384e-05
61,118,5.505572097760609e-05
61,119,0.00010093548845894448
61,120,0.00011928739545147986
61,121,0.00014222727919214906
61,122,0.00016516716293281825
61,123,0.00014222727919214906
61,125,0.00018810704667348747
61,126,2.29398837406692e-05
61,127,1.835190699253536e-05
61,128,3.670381398507072e-05
61,129,0.00010093548845894448
61,130,0.0001238753721996137
61,131,1.835190699253536e-05
62,62,0.9558410129800289
62,63,0.0008962982880702698
62,64,1.629633251036854e-05
62,65,0.001654077749802407
62,66,0.00016703740823127754
62,67,0.0032959332502220376
62,68,0.0011651877744913506
62,69,0.00021592640576238319
62,70,0.0022651902189412274
62,71,7.740757942425058e-05
62,72,0.0002770376526762652
62,73,0.00017111149135886968
62,74,0.00025666723703830454
62,75,0.001531855255974643
62,76,0.00011407432757257979
62,77,0.00034222298271773937
62,78,0.0005500012222249383
62,80,1.629633251036854e-05
62,81,2.0370415637960677e-05
62,82,3.6666748148329215e-05
62,84,0.0026074132016589667
62,85,0.00016703740823127754
62,86,0.0002851858189314495
62,87,0.0002648154032934888
62,88,0.0009411132024737832
62,89,0.0054674195572286454
62,90,0.0001262965769553562
62,91,0.0006111124691388203
62,92,0.0030474141794389173
62,93,0.002281486551451596
62,94,0.00016703740823127754
62,95,2.0370415637960677e-05
62,96,0.0003707415646108843
62,97,0.0002200004888899753
62,98,0.00010185207818980339
62,99,0.0027907469424006126
62,100,0.0006111124691388203
62,101,0.00014666699259331686
62,102,8.148166255184271e-05
62,103,0.0003096303176970023
62,104,0.0002892599020590416
62,105,0.00023629682140034386
62,106,0.0004277787283971742
62,107,0.00043185281152476637
62,108,0.0007170386304562158
62,109,0.00045629731029031914
62,110,0.00012222249382776406
62,111,0.00030555623456941013
62,112,0.0002525931539107124
62,113,1.629633251036854e-05
62,114,9.370391193461911e-05
62,115,0.0003218525670797787
62,116,0.0003544452321005158
62,117,0.0002648154032934888
62,118,0.00017925965761405395
62,119,0.00019963007325201463
62,120,0.0006722237160527024
62,121,0.0007781498773700979
62,122,0.0006355569679043731
62,123,0.000602964302883636
62,124,9.370391193461911e-05
62,125,0.0009533354518565597
62,126,0.00023629682140034386
62,127,0.0001955559901244225
62,128,0.00026074132016589666
62,129,0.0005011122246938326
62,130,0.000692594131690663
62,131,0.00017518557448646183
63,63,0.9799086183769282
63,64,0.0005826626425217974
63,65,0.002074949698189135
63,66,0.00010898725687458082
63,67,0.00164738430583501
63,68,0.0012282025486250838
63,69,0.00019701542588866533
63,70,0.0016264252179745138
63,71,6.70690811535882e-05
63,72,0.00012994634473507713
63,74,0.00016348088531187123
63,75,0.0012365861837692824
63,76,8.383635144198524e-05
63,77,0.00018443997317236753
63,78,0.001182092555331992
63,80,6.287726358148894e-05
63,81,1.676727028839705e-05
63,82,0.00010898725687458082
63,83,0.001773138832997988
63,84,0.0010437625754527162
63,85,5.868544600938967e-05
63,86,4.6109993293091884e-05
63,87,5.449362843729041e-05
63,88,0.00019701542588866533
63,89,8.802816901408451e-05
63,90,2.9342723004694835e-05
63,91,0.00017186452045606974
63,92,0.0010144198524480214
63,93,0.0011443661971830986
63,94,7.126089872568746e-05
63,95,3.772635814889336e-05
63,96,3.772635814889336e-05
63,97,7.964453386988599e-05
63,98,7.126089872568746e-05
63,99,0.0008090207914151576
63,100,0.00010060362173038229
63,101,0.00010479543930248156
63,102,2.095908786049631e-05
63,103,5.0301810865191146e-05
63,104,7.126089872568746e-05
63,105,4.6109993293091884e-05
63,106,7.964453386988599e-05
63,107,0.00012575452716297788
63,108,0.00033534540576794097
63,109,7.964453386988599e-05
63,110,2.5150905432595573e-05
63,111,2.095908786049631e-05
63,112,5.0301810865191146e-05
63,113,5.0301810865191146e-05
63,114,2.9342723004694835e-05
63,115,9.221998658618377e-05
63,116,0.00010060362173038229
63,117,5.868544600938967e-05
63,118,5.449362843729041e-05
63,119,5.449362843729041e-05
63,120,0.00014671361502347418
63,121,0.00014671361502347418
63,122,0.00012575452716297788
63,123,0.00014671361502347418
63,124,1.676727028839705e-05
63,125,0.00017605633802816902
63,126,1.676727028839705e-05
63,127,2.095908786049631e-05
63,128,5.868544600938967e-05
63,129,4.6109993293091884e-05
63,130,0.00015928906773977197
63,131,2.5150905432595573e-05
64,64,0.9844673625958998
64,65,0.0005030813734121495
64,67,0.0010690479185008176
64,68,0.0022638661803546724
64,69,0.0009432775751477802
64,81,0.0041504213306502325
64,82,0.0008803924034712615
64,83,0.0011319330901773362
64,84,0.0005030813734121495
64,93,0.0014463589485599296
64,98,0.00025154068670607473
64,100,0.00037731103005911207
64,108,0.00025154068670607473
65,65,0.9735865952839547
65,66,0.004589440041995885
65,67,0.0028486179571008945
65,68,0.0009804186464818796
65,69,9.263798234474453e-05
65,70,0.0012930718368953924
65,71,3.8599159310310225e-05
65,72,9.649789827577555e-05
65,73,2.7019411517217157e-05
65,74,0.0002122953762067062
65,76,0.0031689909793764692
65,77,0.0005017890710340329
65,78,0.0007372439428269252
65,83,0.0019994364522740696
65,84,0.0010884962925507482
65,85,6.94784867585584e-05
65,86,0.00010807764606886863
65,87,3.8599159310310225e-05
65,88,0.0002624742833101095
65,89,0.00014667680537917884
65,90,3.087932744824818e-05
65,91,0.0002470346195859854
65,92,0.0010923562084817792
65,93,0.00124675284572302
65,94,0.00011193756199989964
65,95,1.543966372412409e-05
65,96,8.491815048268248e-05
65,97,8.105823455165147e-05
65,98,3.8599159310310225e-05
65,99,0.0013239511643436406
65,100,0.00010035781420680658
65,101,5.017890710340329e-05
65,102,1.9299579655155112e-05
65,103,7.333840268958942e-05
65,104,7.719831862062045e-05
65,105,7.719831862062045e-05
65,106,8.877806641371351e-05
65,107,6.175865489649635e-05
65,108,0.00027019411517217157
65,109,8.105823455165147e-05
65,110,1.543966372412409e-05
65,111,6.561857082752737e-05
65,112,0.0001042177301378376
65,113,1.543966372412409e-05
65,115,9.263798234474453e-05
65,116,0.00014281688944814782
65,117,6.94784867585584e-05
65,118,0.0001235173097929927
65,119,7.333840268958942e-05
65,120,0.00012737722572402373
65,121,0.0006677654560683668
65,122,0.0001543966372412409
65,123,0.00019685571248258214
65,124,4.245907524134124e-05
65,125,0.00018913588062052008
65,126,6.94784867585584e-05
65,127,4.245907524134124e-05
65,128,0.0002779139470342336
65,129,0.00011965739386196169
65,130,0.0002779139470342336
65,131,4.6318991172372266e-05
66,66,0.9679083478493903
66,67,0.004488811469918264
66,68,0.001875921211309125
66,70,0.0015409352807182097
66,72,0.00026798874447273214
66,76,0.004354817097681898
66,77,0.0005359774889454643
66,78,0.0006029746750636473
66,83,0.002411898700254589
66,84,0.001808924025190942
66,91,0.00026798874447273214
66,92,0.0012059493501272946
66,93,0.002344901514136406
66,105,0.00026798874447273214
66,108,0.0006029746750636473
66,112,0.003349859305909152
66,116,0.0003349859305909152
66,118,0.00026798874447273214
66,121,0.0012059493501272946
66,123,0.0003349859305909152
66,125,0.0003349859305909152
66,130,0.00040198311670909824
67,67,0.9565809709293441
67,68,0.00227271988321016
67,69,0.0008128468824070672
67,70,0.002588104473584102
67,71,9.103885082959153e-05
67,72,0.00021459157695546575
67,73,0.00015281521389252863
67,74,0.00021459157695546575
67,75,0.0014306105130364383
67,76,0.0001788263141295548
67,77,0.00022109435201472227
67,78,0.0014761299384512341
67,79,5.527358800368057e-05
67,80,0.00017232353907029824
67,81,0.00015931798895178518
67,82,0.0003218873654331986
67,83,0.0027929418879506828
67,84,0.002396272609336034
67,85,0.000302379040255429
67,86,0.00046494841673684243
67,87,0.00037716095343687917
67,88,0.0010209356843032765
67,89,0.0001983346393073244
67,90,7.478191318145019e-05
67,91,0.00030888181531468556
67,93,0.0026888974870025784
67,94,0.0002698651649591463
67,95,9.754162588884807e-05
67,96,0.0006145122430997428
67,97,0.0003153845903739421
67,98,0.00026011100237026153
67,99,0.002464551747458228
67,100,0.0010176842967736482
67,105,0.005914273916393821
67,106,0.0009689134838292241
67,107,0.0006112608555701145
67,108,0.0009363996085329415
67,109,0.0005819983678034601
67,110,0.00015931798895178518
67,111,0.0003153845903739421
67,112,0.00020158602683695268
67,113,7.478191318145019e-05
67,114,0.0001788263141295548
67,115,0.00042268037885167495
67,116,0.00027311655248877457
67,117,0.0002080888018962092
67,118,0.0001268041136555025
67,119,0.00025685961484063323
67,120,0.0005624900426256905
67,121,0.0008518635327626064
67,122,0.0007088024814589626
67,123,0.0006275177932182559
67,124,0.00012030133859624594
67,125,0.0009363996085329415
67,126,0.0002893734901369159
67,127,0.00031863597790357035
67,128,0.0003348929155517117
67,129,0.0005624900426256905
67,130,0.0006275177932182559
67,131,0.00022109435201472227
68,68,0.9745463776517347
68,69,0.0030765616771050008
68,70,0.0011821271468679315
68,71,4.9255297786163805e-05
68,72,7.956625026995692e-05
68,73,5.304416684663795e-05
68,74,0.0001553436314794397
68,75,0.001060883336932759
68,76,0.00010987720275375003
68,77,0.0001439770242980173
68,79,0.003595636738389958
68,80,0.00031447613201935357
68,81,0.00041298672759168114
68,82,0.0007729292883367244
68,83,0.001795923934664742
68,84,0.0010836165512956037
68,85,0.00012882154805612074
68,86,9.472172651185347e-05
68,87,0.00013261041711659486
68,88,0.00023869875080987076
68,89,8.71439883909052e-05
68,90,5.6833035907112085e-05
68,91,0.0001439770242980173
68,92,0.0009737393485418537
68,93,0.0027090413782390093
68,94,0.00012882154805612074
68,95,0.00016292136960038798
68,96,0.0002955317867169829
68,97,0.0001250326789956466
68,98,0.00034478708450314666
68,99,0.00092448405075569
68,100,0.00031447613201935357
68,101,4.546642872568967e-05
68,102,1.5155476241896557e-05
68,103,4.9255297786163805e-05
68,104,0.0002121766673865518
68,105,0.0002500653579912932
68,106,0.0002311210126889225
68,107,0.00016671023866086213
68,108,0.0006137967877968105
68,109,0.00020081006020512937
68,110,6.441077402806037e-05
68,111,0.0001250326789956466
68,112,8.335511933043107e-05
68,113,0.00017807684584228453
68,114,5.304416684663795e-05
68,115,0.00016292136960038798
68,116,0.00011366607181422417
68,117,6.441077402806037e-05
68,118,6.062190496758623e-05
68,119,7.956625026995692e-05
68,120,0.00014018815523754314
68,121,0.00042056446571262944
68,122,0.0003031095248379311
68,123,0.00018186571490275868
68,124,3.4099821544267254e-05
68,125,0.00025385422705176733
68,126,0.00012124380993517246
68,127,7.956625026995692e-05
68,128,6.062190496758623e-05
68,129,0.00012124380993517246
68,130,0.00016671023866086213
68,131,5.304416684663795e-05
69,69,0.9694804137144719
69,70,0.0007940386024920597
69,72,8.143985666585227e-05
69,73,0.00014251974916524148
69,74,0.00010179982083231533
69,75,0.0004071992833292613
69,79,0.004825311507451747
69,80,0.0006515188533268182
69,81,0.000916198387490838
69,82,0.0013844775633194886
69,83,0.002035996416646307
69,86,0.0014455574558188777
69,87,0.00028503949833048295
69,88,0.0004275592474957244
69,89,0.0001221597849987784
69,91,0.00014251974916524148
69,100,0.007492466813258408
69,103,0.0008958384233243749
69,104,0.0003257594266634091
69,105,0.0004071992833292613
69,106,0.00028503949833048295
69,107,0.00020359964166463066
69,108,0.0009976382441566902
69,109,0.0003664793549963352
69,110,0.00010179982083231533
69,113,0.00028503949833048295
69,114,0.00010179982083231533
69,115,0.0003664793549963352
69,125,0.001852756739148139
69,127,0.0005497190324945028
69,128,0.0005904389608274289
69,129,0.0007940386024920597
69,130,0.0008143985666585227
69,131,0.00022395960583109374
70,70,0.9532972956021686
70,71,0.003347667412770528
70,72,0.00421006417015872
70,73,0.004754942121417623
70,74,0.005244940279024551
70,75,0.0011171957993437944
70,76,0.00010583960204309631
70,77,0.0001411194693907951
70,78,0.0005879977891283129
70,82,2.3519911565132513e-05
70,83,0.002093272129296794
70,84,0.002308871318643842
70,85,0.00033319874717271063
70,86,0.000411598452389819
70,87,0.0002704789829990239
70,88,0.0007565571553450959
70,89,0.00010583960204309631
70,90,4.3119837869409614e-05
70,91,0.00021167920408619262
70,92,0.0022383115839484445
70,93,0.0032300678549448654
70,94,0.00044687831973751777
70,95,1.5679941043421678e-05
70,96,0.0004037584818681082
70,97,0.0005762378333457466
70,98,0.00010583960204309631
70,99,0.0019482326746451434
70,100,0.001187755534039192
70,101,0.00012543952834737342
70,102,9.015966099967465e-05
70,103,0.0005017581133894937
70,104,0.00030183886508586727
70,105,0.0005683978628240357
70,106,0.0004311983786940961
70,107,0.00046255826078093944
70,108,0.0011328757403872161
70,109,0.0004703982313026503
70,110,0.00012543952834737342
70,111,0.00012151954308651799
70,112,0.00023519911565132514
70,113,3.9199852608554195e-05
70,114,0.0001607193956950722
70,115,0.000560557892302325
70,116,0.0003057588503467227
70,117,8.231969047796381e-05
70,118,7.055973469539755e-05
70,119,0.0001411194693907951
70,120,0.0002822389387815902
70,121,0.0006467975680411441
70,122,0.0007251972732582525
70,123,0.00038023857030297566
70,124,7.055973469539755e-05
70,125,0.0007487171848233851
70,126,0.00010583960204309631
70,127,9.799963152138547e-05
70,128,0.00027831895352073476
70,129,0.000560557892302325
70,130,0.0005409579659980478
70,131,9.015966099967465e-05
71,71,0.956100595396783
71,72,0.007375810894872478
71,73,0.0023993601706211675
71,74,0.010308362214520573
71,75,0.0007997867235403892
71,78,0.000888651915044877
71,83,0.0015107082555762907
71,84,0.0013329778725673154
71,85,0.0003554607660179508
71,86,0.0003554607660179508
71,87,0.0003554607660179508
71,91,0.0003554607660179508
71,92,0.0009775171065493646
71,93,0.004443259575224384
71,94,0.0005331911490269261
71,96,0.0003554607660179508
71,97,0.0007997867235403892
71,98,0.0003554607660179508
71,99,0.00115524748955834
71,100,0.0012441126810628278
71,103,0.0004443259575224385
71,105,0.0003554607660179508
71,107,0.0003554607660179508
71,108,0.0012441126810628278
71,109,0.0005331911490269261
71,115,0.0010663822980538523
71,125,0.0007997867235403892
72,72,0.9402747872449503
72,73,0.003998769609350969
72,74,0.01937865272223931
72,75,0.0013841894801599507
72,78,0.0005126627704296114
72,83,0.0030759766225776685
72,84,0.0020506510817184455
72,86,0.0006151953245155337
72,87,0.000358863939300728
72,88,0.0008715267097303393
72,89,0.00020506510817184457
72,91,0.00030759766225776686
72,92,0.002306982466933251
72,93,0.003947503332308008
72,96,0.001076591817902184
72,97,0.0005126627704296114
72,98,0.00030759766225776686
72,99,0.0027683789603199014
72,100,0.0020506510817184455
72,103,0.0007689941556444171
72,105,0.00046139649338665026
72,106,0.00046139649338665026
72,107,0.0006151953245155337
72,108,0.0017943196965036399
72,109,0.0005126627704296114
72,111,0.00020506510817184457
72,112,0.00030759766225776686
72,113,0.00020506510817184457
72,114,0.00030759766225776686
72,115,0.0008715267097303393
72,116,0.00046139649338665026
72,117,0.00020506510817184457
72,121,0.0008202604326873783
72,122,0.0011791243719881063
72,125,0.001076591817902184
72,127,0.0002563313852148057
72,128,0.00041013021634368914
72,129,0.0008715267097303393
72,130,0.0006664616015584948
73,73,0.9534840850436279
73,74,0.0033181762320265455
73,75,0.0004301339560034411
73,83,0.002642251444021138
73,84,0.0022735651960181886
73,85,0.0002457908320019663
73,86,0.0007988202040063906
73,87,0.0004915816640039326
73,88,0.0003686862480029495
73,91,0.0003072385400024579
73,92,0.0025808037360206463
73,93,0.004608578100036869
73,94,0.0013518495760108148
73,96,0.0009217156200073737
73,97,0.0012904018680103232
73,99,0.002027774364016222
73,100,0.004608578100036869
73,101,0.0004301339560034411
73,103,0.0006759247880054074
73,104,0.0005530293720044242
73,105,0.0007988202040063906
73,106,0.0015361927000122895
73,107,0.0006759247880054074
73,108,0.002212117488017697
73,109,0.0012289541600098315
73,112,0.0004915816640039326
73,115,0.0012289541600098315
73,116,0.0004301339560034411
73,120,0.0004301339560034411
73,121,0.0009217156200073737
73,122,0.0004915816640039326
73,123,0.0002457908320019663
73,125,0.0014132972840113064
73,127,0.0004301339560034411
73,128,0.0009217156200073737
73,129,0.0011675064520093401
73,130,0.0004301339560034411
74,74,0.9729319706164165
74,75,0.0018763973171510699
74,76,0.0001996167358671351
74,77,0.00015969338869370808
74,78,0.0008783136378153944
74,83,0.0018763973171510699
74,84,0.002115937400191632
74,86,0.0004391568189076972
74,88,0.0003593101245608432
74,89,0.00031938677738741617
74,92,0.001956244011497924
74,93,0.004311721494730118
74,94,0.0003593101245608432
74,96,0.0003992334717342702
74,97,0.0006786969019482594
74,99,0.001996167358671351
74,100,0.0013174704567230917
74,103,0.0001996167358671351
74,105,0.0004391568189076972
74,106,0.0001996167358671351
74,107,0.00015969338869370808
74,108,0.0011178537208559566
74,109,0.00027946343021398914
74,111,0.00015969338869370808
74,112,0.00031938677738741617
74,115,0.0005988502076014053
74,116,0.0003593101245608432
74,119,0.00015969338869370808
74,121,0.0003593101245608432
74,122,0.0003992334717342702
74,123,0.00015969338869370808
74,125,0.0006387735547748323
74,128,0.0002395400830405621
74,129,0.0006387735547748323
74,130,0.0004391568189076972
74,131,0.00015969338869370808
75,75,0.9742908485950343
75,76,0.004387227202212567
75,77,0.003811622993282278
75,78,0.0005194477007419678
75,79,1.7548908808850266e-05
75,83,0.0029517264616486147
75,84,0.0014565594311345721
75,85,9.125432580602138e-05
75,86,0.00010880323461487165
75,87,0.00011582279813841176
75,88,0.0002702531956562941
75,89,0.0001860184333738128
75,90,1.7548908808850266e-05
75,91,0.0003088607950357647
75,92,0.0023620831256712456
75,93,0.0013512659782814705
75,94,4.562716290301069e-05
75,95,2.4568472332390372e-05
75,96,0.00022111625099151334
75,97,5.615650818832085e-05
75,98,3.509781761770053e-05
75,100,0.0001789988698502727
75,101,5.615650818832085e-05
75,102,4.562716290301069e-05
75,103,0.00015443039751788235
75,104,0.00010178367109133154
75,105,0.0003053510132739946
75,106,0.0002176064692297433
75,107,0.00015443039751788235
75,108,0.0002772727591798342
75,109,0.0001649597428031925
75,110,3.158803585593048e-05
75,113,2.1058690570620318e-05
75,114,2.1058690570620318e-05
75,115,8.774454404425133e-05
75,118,0.0030078829698369355
75,119,0.00018250865161204276
75,120,0.0002105869057062032
75,121,0.0003650173032240855
75,122,0.0002562140686092139
75,123,0.00029833144975045453
75,124,3.509781761770053e-05
75,125,0.00043872272022125666
75,126,6.317607171186096e-05
75,127,8.072498052071122e-05
75,128,0.00015092061575611228
75,129,0.00018250865161204276
75,130,0.00022111625099151334
75,131,4.562716290301069e-05
76,76,0.9707991270913436
76,77,0.004832172919048114
76,78,0.0011430946690221344
76,83,0.004884131767640029
76,84,0.001558765457757456
76,87,0.000259794242959576
76,88,0.0004156707887353216
76,89,0.000259794242959576
76,91,0.0009872181232463888
76,92,0.0021822716408604385
76,93,0.001558765457757456
76,96,0.0003117530915514912
76,103,0.00046762963732723683
76,105,0.0002078353943676608
76,107,0.0002078353943676608
76,108,0.0006754650316948977
76,115,0.0002078353943676608
76,118,0.004000831341577471
76,119,0.000259794242959576
76,120,0.000259794242959576
76,121,0.0014028889119817106
76,122,0.000259794242959576
76,123,0.000259794242959576
76,125,0.0004156707887353216
76,128,0.000259794242959576
76,129,0.000259794242959576
76,130,0.0004156707887353216
77,77,0.9842784307939474
77,78,0.0002459056705847637
77,83,0.0029016869129002113
77,84,0.0013934654666469942
77,86,9.836226823390547e-05
77,88,9.836226823390547e-05
77,89,0.00021311824784012853
77,91,0.0003934490729356219
77,93,0.0012131346415515008
77,96,0.00013114969097854063
77,97,8.19685568615879e-05
77,100,6.557484548927032e-05
77,101,0.0025082378399645896
77,103,9.836226823390547e-05
77,104,0.0001639371137231758
77,105,0.0003770553615633043
77,106,0.0002295119592124461
77,107,0.0001475434023508582
77,108,0.00026229938195708127
77,109,0.00011475597960622305
77,115,8.19685568615879e-05
77,118,0.0024590567058476367
77,119,8.19685568615879e-05
77,120,8.19685568615879e-05
77,121,0.0003770553615633043
77,122,0.00019672453646781094
77,123,0.00021311824784012853
77,125,0.000508205052541845
77,126,6.557484548927032e-05
77,128,6.557484548927032e-05
77,129,0.0002459056705847637
77,130,0.00021311824784012853
77,131,6.557484548927032e-05
78,78,0.977521743637774
78,79,0.004300467939528914
78,80,0.002223517089265989
78,81,0.0026882393104952153
78,82,0.004014485034157083
78,83,0.0013834423047362344
78,84,0.00044684828964348656
78,85,2.859829053718314e-05
78,86,3.217307685433103e-05
78,87,2.859829053718314e-05
78,88,7.507051266010574e-05
78,89,6.0771367391514175e-05
78,91,8.579487161154941e-05
78,92,0.00036820299066623295
78,95,0.00325663033492173
78,96,0.00012869230741732412
78,97,0.0001930384611259862
78,98,0.0003968012812034161
78,99,0.00026810897378609194
78,100,0.000332455127494754
78,101,2.1448717902887353e-05
78,103,2.5023504220035246e-05
78,104,7.864529897725363e-05
78,105,7.149572634295784e-05
78,106,6.792094002580996e-05
78,107,6.792094002580996e-05
78,108,0.0007971773487239801
78,109,5.719658107436628e-05
78,111,3.574786317147892e-05
78,112,3.217307685433103e-05
78,113,0.00016444017058880306
78,114,1.429914526859157e-05
78,115,0.0001465662390030636
78,116,5.004700844007049e-05
78,117,1.429914526859157e-05
78,118,2.859829053718314e-05
78,120,3.9322649488626815e-05
78,121,7.864529897725363e-05
78,122,4.64722221229226e-05
78,123,5.004700844007049e-05
78,125,6.792094002580996e-05
78,126,2.1448717902887353e-05
78,127,1.429914526859157e-05
78,128,2.859829053718314e-05
78,129,4.289743580577471e-05
78,130,6.0771367391514175e-05
79,79,0.9731950107939554
79,80,0.002698488846246102
79,81,0.004377548572799233
79,82,0.007975533701127368
79,83,0.0016190933077476614
79,84,0.00023986567522187575
79,92,0.00023986567522187575
79,95,0.003538018709522667
79,97,0.0002998320940273447
79,99,0.00023986567522187575
79,100,0.002758455265051571
79,105,0.00023986567522187575
79,108,0.0011393619573039097
79,113,0.00023986567522187575
80,80,0.9675799585198123
80,81,0.005457919441109049
80,82,0.007913983189608122
80,83,0.0014736382490994433
80,98,0.009060146272241021
80,100,0.0006549503329330859
80,113,0.005785394607575592
80,115,0.001200742277043991
81,81,0.9792481336651262
81,82,0.008887308922858158
81,83,0.0011553501599715606
81,95,0.004177035193743335
81,97,0.0003110558123000355
81,98,0.001733025239957341
81,100,0.0011109136153572697
81,108,0.0011553501599715606
81,113,0.0010220405261286882
81,115,0.00039992890152861714
82,82,0.9837380047658917
82,83,0.001932118245636633
82,84,0.0001932118245636633
82,92,0.0001288078830424422
82,95,0.005152315321697688
82,96,0.00028981773684549493
82,97,0.0005474335029303794
82,98,0.0018999162748760223
82,100,0.001706704450312359
82,108,0.0012558768596638114
82,113,0.0017389064210729696
82,115,0.0008050492690152637
83,83,0.9645334854998971
83,89,0.0033867841491109114
83,90,0.005186446394784445
83,91,0.0038095546124719596
83,92,0.003137280269094555
83,93,0.0022801882368161455
83,94,0.0002910878600190824
83,95,3.6963537780200944e-05
83,96,0.00035808427224569663
83,97,0.0001801972466784796
83,98,9.00986233392398e-05
83,100,0.0006006574889282653
83,101,0.00011551105556312795
83,102,0.00011089061334060282
83,103,0.0003095696289091829
83,104,0.0003557740511344341
83,105,0.0004366317900286236
83,106,0.0005013179811439752
83,107,0.0003557740511344341
83,108,0.0006722743433774047
83,109,0.0005960370467057402
83,110,0.00014323370889827866
83,113,3.92737588914635e-05
83,114,0.0001455439300095412
83,115,0.00022871189001499333
83,117,0.0046065808958575425
83,118,0.00031187985002044546
83,119,0.00038580692558084736
83,120,0.000529040634479126
83,121,0.0010049461833992132
83,122,0.0008039569467193705
83,123,0.000979533751175325
83,124,0.00014785415112080378
83,125,0.0010765630378483525
83,126,0.00025643454335014406
83,127,0.00019405857334605495
83,128,0.000371945598913272
83,129,0.0005544530667030141
83,130,0.0006376210267084663
83,131,0.00023795277446004358
84,84,0.9389178275660742
84,85,0.002658299275572676
84,86,0.0050850166510647875
84,87,0.004256540557818825
84,88,0.007981421260523114
84,90,0.004165212484547616
84,91,0.00021201159866530544
84,102,0.004197829653573047
84,103,0.00032943340715685924
84,104,0.0005544918734323374
84,105,0.0006001559100679416
84,106,0.0008056440749281607
84,109,0.009260014286320032
84,110,0.0008317378101485059
84,114,0.0009883002214705777
84,115,0.00028376937052125497
84,123,0.012058567388702065
84,124,0.0011252923313773903
84,125,0.0015786709808308897
84,126,0.0016960927893224435
84,127,0.0003066013888390571
84,128,0.0005447067227247078
84,129,0.0006425582298010027
84,131,0.0009198041665171713
85,85,0.9047286686442156
85,86,0.007212237538533124
85,87,0.00482754609434072
85,88,0.011807130809050196
85,90,0.004362240446693422
85,102,0.005234688536032106
85,103,0.0006979584714709475
85,104,0.00040714244169138603
85,105,0.0008142848833827721
85,106,0.0014540801488978072
85,114,0.025766300238469146
85,115,0.011516314779270634
85,123,0.01244692607456523
85,124,0.002617344268016053
85,125,0.0016867329727214564
85,126,0.0014540801488978072
85,127,0.0005234688536032106
85,128,0.0006979584714709475
85,129,0.0005816320595591229
85,131,0.000988774501250509
86,86,0.9301146384479718
86,87,0.005335097001763669
86,88,0.009391534391534392
86,90,0.003615520282186949
86,91,0.00030864197530864197
86,103,0.00427689594356261
86,104,0.0004409171075837742
86,105,0.0012786596119929454
86,106,0.0014991181657848325
86,109,0.014770723104056437
86,110,0.0012345679012345679
86,114,0.0031746031746031746
86,115,0.001146384479717813
86,125,0.009391534391534392
86,127,0.0034391534391534392
86,128,0.003968253968253968
86,129,0.0027336860670194004
86,131,0.0038800705467372134
87,87,0.9436985708098744
87,88,0.006429689842422627
87,90,0.002831728687077323
87,91,0.00016657227571043075
87,102,0.002865043142219409
87,103,0.0011993203851151015
87,104,0.0005330312822733784
87,105,0.0006996035579838091
87,106,0.0013658926608255322
87,109,0.014391844621381218
87,110,0.001532464936535963
87,114,0.003098244328214012
87,115,0.0007995469234100676
87,123,0.008961588433221175
87,124,0.001499150481393877
87,126,0.0009661191991204984
87,129,0.007795582503248159
87,131,0.0011660059299730154
88,88,0.945789950203712
88,90,0.0034672208732869666
88,91,0.0002675007201942467
88,102,0.0034157784270957654
88,103,0.0009876949668710647
88,104,0.0005555784188649739
88,105,0.0007510597143915388
88,106,0.0012551956870653113
88,110,0.01285032305856208
88,114,0.003683279147290012
88,115,0.00120375324087411
88,126,0.013879171982386106
88,131,0.011893493559405737
89,89,0.9443452971115077
89,90,0.00806398307885518
89,91,0.006543723973825104
89,92,0.003437107541807125
89,93,0.003437107541807125
89,94,0.0005287857756626346
89,96,0.0009253751074096107
89,97,0.000396589331746976
89,100,0.002049044880692709
89,101,0.00033049110978914666
89,103,0.0005287857756626346
89,104,0.0006609822195782933
89,105,0.0005287857756626346
89,106,0.0011236697732830987
89,107,0.0006609822195782933
89,108,0.00198294665873488
89,109,0.0008592768854517813
89,114,0.000396589331746976
89,115,0.0006609822195782933
89,117,0.00799788485689735
89,118,0.0002643928878313173
89,119,0.00046268755370480535
89,120,0.0010575715513252693
89,121,0.0016524555489457334
89,122,0.0023134377685240268
89,123,0.0013219644391565867
89,125,0.0021151431026505386
89,126,0.0005287857756626346
89,127,0.00046268755370480535
89,128,0.000594883997620464
89,129,0.001586357326987904
89,130,0.0012558662171987573
89,131,0.0002643928878313173
90,90,0.9299514515010403
90,91,0.0035668284949965322
90,102,0.004508074903398395
90,103,0.0009907856930545923
90,104,0.0011394035470127812
90,105,0.0008917071237491331
90,106,0.0014861785395818884
90,109,0.013276528286931537
90,110,0.006687803428118498
90,114,0.004458535618745665
90,115,0.00128802140097097
90,123,0.012533439017140593
90,124,0.0017338749628455364
90,125,0.0021301892400673733
90,126,0.006192410581591202
90,127,0.0008917071237491331
90,128,0.0010898642623600515
90,129,0.0017338749628455364
90,131,0.0054493213118002575
91,91,0.9739145556779317
91,92,0.0033331401078198365
91,93,0.0027534635673294302
91,94,0.00023187061619616255
91,96,0.00026085444322068285
91,97,0.00026085444322068285
91,98,0.00014491913512260158
91,100,0.0003478059242942438
91,101,0.00023187061619616255
91,102,0.00037678975131876413
91,103,0.0003188220972697235
91,104,0.0005217088864413657
91,105,0.00040577357834328446
91,106,0.0004927250594168454
91,107,0.0003478059242942438
91,108,0.0006666280215639674
91,109,0.0008984986377601298
91,110,0.0004637412323923251
91,114,0.00014491913512260158
91,115,0.00040577357834328446
91,117,0.004637412323923251
91,118,0.00023187061619616255
91,119,0.0001739029621471219
91,120,0.0008405309837110892
91,121,0.0013042722161034142
91,122,0.0006086603675149267
91,123,0.0009854501188336908
91,124,0.00011593530809808128
91,125,0.0012173207350298534
91,126,0.000637644194539447
91,127,0.0001739029621471219
91,128,0.0004637412323923251
91,129,0.000637644194539447
91,130,0.0008115471566865689
91,131,0.0005796765404904063
92,92,0.953564615348872
92,101,0.002305247859320507
92,102,0.003580491355965894
92,103,0.004806687025817227
92,104,0.004564029356415068
92,105,0.006820229388941522
92,106,0.006053534412213425
92,107,0.007984469909158262
92,108,0.0007873466932729615
92,109,0.000733135937342692
92,110,0.00014456201581405193
92,113,3.355903938540491e-05
92,114,0.00015488787408648422
92,115,0.00028912403162810387
92,119,0.0040245032616804816
92,120,0.00038721968521621055
92,121,0.0005911553860967481
92,122,0.0005627592758475593
92,123,0.0005756665986880997
92,124,0.00011100297642864702
92,125,0.0007408803310470163
92,126,0.0001652137323589165
92,127,0.0001574693386545923
92,128,0.0002013542363124295
92,129,0.00030203135446864424
92,130,0.0002684723150832393
92,131,9.035125988378247e-05
93,93,0.9550227462108416
93,94,0.0022718059590568205
93,95,0.0026265117221809338
93,96,0.0033274778731166815
93,97,0.0015511339323919554
93,98,0.001790419566245524
93,99,0.0017115960633290544
93,100,0.004659032047384186
93,107,0.005779451838839718
93,108,0.006801342251649663
93,109,0.004532351417697002
93,110,0.0014385289282255703
93,111,9.289912843726776e-05
93,112,0.00016890750624957773
93,113,0.0003321847622908362
93,114,0.0007572686530189402
93,115,0.0011654617931220863
93,116,0.00034626038781163435
93,117,0.00030403351124923993
93,118,0.00010978987906222552
93,119,0.00023084025854108956
93,120,0.0005151678940612121
93,121,0.000644663648852555
93,122,0.0008248316555187713
93,124,0.0008248316555187713
93,125,0.0005630250208319258
93,126,0.0003012183861450803
93,127,9.8529378645587e-05
93,128,0.00021676463302029142
93,129,0.0004081931401031462
93,130,0.00042226876562394435
93,131,0.00016046213093709883
94,94,0.938808566800648
94,95,0.0019797228388025675
94,96,0.006719059331693563
94,97,0.00311956326114344
94,98,0.0014397984282200492
94,99,0.0025796388505609216
94,100,0.00713900053992441
94,107,0.011638370628112064
94,108,0.00713900053992441
94,109,0.0070190173375727395
94,110,0.00155978163057172
94,112,0.0006599076129341892
94,114,0.00077989081528586
94,115,0.0011398404223408724
94,116,0.00041994120823084767
94,117,0.00041994120823084767
94,119,0.00029995800587917694
94,120,0.0005399244105825184
94,121,0.00155978163057172
94,122,0.0012598236246925431
94,124,0.0009598656188133662
94,125,0.00077989081528586
94,126,0.00023996640470334154
94,128,0.00029995800587917694
94,129,0.0005999160117583539
94,130,0.0003599496070550123
94,131,0.00023996640470334154
95,95,0.9734039677820423
95,96,0.0021082220660576245
95,97,0.0017298232336883075
95,98,0.005946267365803557
95,99,0.000540569760527596
95,100,0.004216444132115249
95,107,0.001243310449213471
95,108,0.00691929293475323
95,109,0.001243310449213471
95,113,0.001081139521055192
95,115,0.000540569760527596
95,130,0.00021622790421103844
96,96,0.9341592009944704
96,97,0.0037721291096918
96,98,0.001328818209095975
96,100,0.01500278623172875
96,107,0.008187234772171975
96,108,0.00745852801234515
96,109,0.009215997256633374
96,110,0.003129152556903425
96,111,0.0027433666252304
96,112,0.0001714604140769
96,113,0.00025719062111535
96,114,0.00145741351965365
96,115,0.001928929658365125
96,116,0.000557246345749925
96,117,0.000557246345749925
96,118,0.000385785931673025
96,119,0.000214325517596125
96,120,0.00042865103519225
96,121,0.0012002228985383
96,122,0.002357580693557375
96,124,0.001500278623172875
96,126,0.000385785931673025
96,127,0.00162887393373055
96,128,0.00042865103519225
96,129,0.000985897380942175
96,130,0.000385785931673025
96,131,0.0001714604140769
97,97,0.9527542809985559
97,98,0.0048689911285331134
97,99,0.0013616670105219724
97,100,0.00627192077573757
97,107,0.004786465855168146
97,109,0.004085001031565917
97,110,0.0010315659170621002
97,112,0.00016505054672993604
97,115,0.018691974417165257
97,116,0.0004951516401898082
97,117,0.00016505054672993604
97,118,0.00020631318341242006
97,119,0.00020631318341242006
97,120,0.0005364142768722922
97,121,0.0006602021869197441
97,122,0.0007427274602847122
97,124,0.0007427274602847122
97,125,0.0004951516401898082
97,126,0.00020631318341242006
97,128,0.0004126263668248401
97,129,0.0003713637301423561
97,130,0.0004126263668248401
98,98,0.9653465346534653
98,99,0.0005462615227039945
98,100,0.004813929668828952
98,107,0.0017753499487879823
98,109,0.0019460566746329806
98,110,0.00044383748719699557
98,113,0.01782178217821782
98,114,0.00023898941618299762
98,115,0.0054626152270399455
98,116,0.0001707067258449983
98,121,0.00013656538067599862
98,122,0.00013656538067599862
98,124,0.00013656538067599862
98,126,0.00023898941618299762
98,130,0.0001707067258449983
99,99,0.9260715459368105
99,111,0.004514655024020781
99,112,0.002589862760746757
99,116,0.003016290315008685
99,117,0.005887829992332129
99,118,0.0018230755989546658
99,119,0.008947154280706696
99,120,0.005782201148615871
99,121,0.004088227469758853
99,122,0.00603258063001737
99,123,0.009749151057070873
99,124,0.002343395458742156
99,125,0.009952584385709591
99,126,0.002147786488897235
99,127,0.001678324961269424
99,128,0.0007550506236013958
99,129,0.002241678794422797
99,130,0.0017996025225732752
99,131,0.0005790025507409667
100,100,0.9627203141199567
100,107,0.006220633975249818
100,108,0.005647100346326076
100,109,0.006375046875344671
100,110,0.002625019301612512
100,113,0.0012132442150309928
100,114,0.0008161824719299407
100,115,0.0030661990161692364
100,125,0.002558842344429003
100,127,0.00169854190104339
100,128,0.0013676571151258466
100,129,0.0030220810447135643
100,130,0.0019853087155052612
100,131,0.0006838285575629233
101,101,0.9445124938755513
101,102,0.005083292503674669
101,103,0.005756981871631553
101,104,0.00698187163155316
101,105,0.008084272415482607
101,106,0.006185693287604116
101,107,0.009982851543361098
101,108,0.0011024007839294464
101,109,0.0009186673199412053
101,110,0.0003674669279764821
101,115,0.0008574228319451249
101,119,0.004777070063694267
101,120,0.0006124448799608035
101,121,0.0007349338559529642
101,122,0.0008574228319451249
101,123,0.0006124448799608035
101,125,0.0007961783439490446
101,126,0.0004899559039686428
101,127,0.0002449779519843214
101,129,0.00030622243998040176
101,130,0.00030622243998040176
102,102,0.9539528104935597
102,103,0.005120731082837673
102,104,0.00504195060464017
102,105,0.0046480482136526564
102,106,0.005869145625713948
102,109,0.008547681884429038
102,110,0.002402804585023831
102,114,0.0022058533895300742
102,115,0.0006302438255800213
102,123,0.00563280419112144
102,124,0.0009059754992712806
102,125,0.0006302438255800213
102,126,0.0022058533895300742
102,127,0.00019695119549375666
102,128,0.0002757316736912593
102,129,0.0005120731082837673
102,131,0.0012210974120612913
103,103,0.9619546838011498
103,104,0.00510652688535678
103,105,0.00595197835644234
103,106,0.006357795062563409
103,107,0.0074399729455529254
103,108,0.0007101792357118702
103,109,0.0015218126479540075
103,110,0.0006763611768684477
103,114,0.0002367264119039567
103,115,0.00037199864727764626
103,125,0.003584714237402773
103,127,0.0008454514710855597
103,128,0.0014541765302671626
103,129,0.0012850862360500508
103,130,0.0014203584714237404
103,131,0.001048359824146094
104,104,0.9619037605579505
104,105,0.00620334349700347
104,106,0.007219710510636806
104,107,0.012616969824413836
104,108,0.0008060841832264395
104,109,0.0029089124872954124
104,110,0.00042056566081379455
104,114,0.0002803771072091964
104,115,0.0004556127992149441
104,119,0.002137875442470122
104,120,0.00042056566081379455
104,121,0.0005257070760172432
104,122,0.0004556127992149441
104,123,0.0006308484912206919
104,124,0.0001401885536045982
104,125,0.0007009427680229909
104,126,0.0002803771072091964
104,127,0.0004906599376160937
104,128,0.0004906599376160937
104,129,0.000385518522412645
104,130,0.00017523569200574772
104,131,0.00031542424561034594
105,105,0.9742119755065138
105,106,0.007869970821518102
105,107,0.006719270126988041
105,108,0.0008013808408334361
105,109,0.0014178276414745408
105,110,0.0003698680803846628
105,114,0.0005548021205769942
105,115,0.00041096453376073645
105,119,0.0028356552829490816
105,120,0.0002671269469444787
105,121,0.00032877162700858915
105,122,0.0003904163070726996
105,123,0.0004726092138248469
105,124,0.00010274113344018411
105,125,0.0008835737475855834
105,126,0.0004315127604487733
105,127,0.000349319853696626
105,128,0.00030822340032055236
105,129,0.00041096453376073645
105,130,0.00045206098713681007
105,131,0.0003698680803846628
106,106,0.9818776400054503
106,107,0.008771631012399509
106,108,0.0007834854884861698
106,109,0.0023163918790025887
106,110,0.0005961302629786075
106,114,0.0002725166916473634
106,115,0.00034064586455920427
106,119,0.001192260525957215
106,120,0.00017032293227960214
106,121,0.0002725166916473634
106,122,0.00020438751873552255
106,123,0.0006642594358904482
106,124,0.00017032293227960214
106,125,0.0005280010900667666
106,126,0.0002725166916473634
106,127,0.00020438751873552255
106,128,0.00034064586455920427
106,129,0.0003917427442430849
106,130,0.0002554843984194032
106,131,0.00034064586455920427
107,107,0.9852151707727577
107,108,0.002959867676503874
107,109,0.004788021241403325
107,110,0.0009285859377267055
107,113,0.00020312817387771684
107,114,0.00043527465830939325
107,115,0.0013058239749281796
107,119,0.001421897217144018
107,120,0.00021763732915469663
107,121,0.00029018310553959546
107,122,0.00036272888192449436
107,124,0.0003772380372014741
107,125,0.0003917471924784539
107,126,0.00010156408693885842
107,127,7.254577638489887e-05
107,128,0.00023214648443167638
107,129,0.0003337105713705348
107,130,0.00021763732915469663
107,131,0.00014509155276979773
108,108,0.9537736825758361
108,113,0.00502122372916451
108,114,0.011116575214825552
108,115,0.018531939124132934
108,116,0.00309297028677917
108,117,0.000258825965420851
108,118,5.1765193084170204e-05
108,119,0.0003882389481312765
108,120,0.0008411843876177658
108,121,0.0009447147737861062
108,122,0.0008411843876177658
108,124,0.0009317734755150636
108,125,0.0009576560720571487
108,126,0.00041412154467336163
108,127,0.00040118024640231907
108,128,0.00040118024640231907
108,129,0.000776477896262553
108,130,0.000776477896262553
108,131,0.0004788280360285744
109,109,0.9677164510859377
109,110,0.007284218419431724
109,114,0.0071101470233791274
109,115,0.0029458236255054766
109,124,0.008141185292306044
109,125,0.0014327414905867546
109,126,0.001205109664979513
109,127,0.0005891647251010954
109,128,0.0009506976245949492
109,129,0.0015666425644733672
109,131,0.0010578184837042393
110,110,0.9716220328667072
110,114,0.007075471698113208
110,115,0.003005173463177115
110,126,0.009357881923311016
110,131,0.008939440048691419
111,111,0.9043499752842313
111,112,0.003398418190805734
111,116,0.004510627780523974
111,117,0.006364310430054375
111,118,0.0023479980227385073
111,119,0.009639149777558082
111,120,0.0058699950568462675
111,121,0.004943153732081068
111,122,0.009021255561047948
111,123,0.010998517053880375
111,124,0.005684626791893228
111,126,0.002904102817597627
111,127,0.02366534849233811
111,128,0.0009268413247652002
111,129,0.0033366287691547207
111,130,0.0012975778546712802
111,131,0.0007414730598121602
112,112,0.9359676415681394
112,116,0.0024268823895457372
112,117,0.005662725575606721
112,118,0.0024268823895457372
112,119,0.010640945861854387
112,120,0.004915992532669571
112,121,0.005911636589919104
112,122,0.004418170504044804
112,123,0.008711885500933417
112,124,0.0021157436216552583
112,125,0.007778469197261979
112,126,0.0016801493466085875
112,127,0.0031736154324828875
112,128,0.00074673304293715
112,129,0.0009956440572495332
112,130,0.0016801493466085875
112,131,0.00074673304293715
113,113,0.9826409495548961
113,114,0.0040059347181008904
113,115,0.010905044510385757
113,116,0.000370919881305638
113,122,0.0002967359050445104
113,125,0.00044510385756676556
113,130,0.00044510385756676556
114,114,0.9610462846484189
114,115,0.021472259575760204
114,124,0.006376610419468182
114,125,0.0013013490651975883
114,126,0.003947425497766018
114,127,0.0006940528347720471
114,128,0.0005639179282522882
114,129,0.0006506745325987941
114,131,0.003947425497766018
115,115,0.9878425655976676
115,116,0.0020699708454810497
115,117,0.00023323615160349855
115,119,0.00043731778425655976
115,120,0.0005830903790087463
115,121,0.0006122448979591836
115,122,0.0003498542274052478
115,124,0.002011661807580175
115,125,0.0009329446064139942
115,126,0.0015160349854227405
115,127,0.0004664723032069971
115,128,0.0007288629737609329
115,129,0.0004956268221574344
115,130,0.00043731778425655976
115,131,0.0012536443148688046
116,116,0.9096453139483827
116,117,0.006732692589159389
116,118,0.0013660535688149486
116,119,0.011318729570181003
116,120,0.008098746157974337
116,121,0.005854515294921208
116,122,0.006000878177294239
116,123,0.009806313118993023
116,124,0.010391764648485144
116,125,0.014831438747133727
116,126,0.004000585451529492
116,127,0.004878762745767673
116,128,0.0013172659413572718
116,129,0.0024881690003415134
116,130,0.002341806117968483
116,131,0.0009269649216958579
117,117,0.9321743476243173
117,118,0.0014279084710670045
117,119,0.009959661585692357
117,120,0.005354656766501267
117,121,0.004783493378074466
117,122,0.006604076678684896
117,123,0.011958733445186163
117,124,0.004212329989647663
117,125,0.010352336415235783
117,126,0.0023560489772605575
117,127,0.00453360939563774
117,128,0.0009638382179702281
117,129,0.002463142112590583
117,130,0.0020347695712704815
117,131,0.0008210473708635277
118,118,0.9665972353720886
118,119,0.006438174588146184
118,120,0.002991857602726756
118,121,0.00223442529823897
118,122,0.003105472448399924
118,123,0.005718613898882788
118,124,0.0009846619958341224
118,125,0.005832228744555955
118,126,0.0009846619958341224
118,127,0.0021586820677901913
118,128,0.0005302026131414505
118,129,0.0011361484567316796
118,130,0.0010982768415072903
118,131,0.0001893580761219466
119,119,0.9615265502537104
119,120,0.0033113371608261668
119,121,0.0036210305643566715
119,122,0.003692498272863711
119,123,0.0066464968911546796
119,124,0.0031207566048073944
119,125,0.01102984967958644
119,126,0.0009290802105915144
119,127,0.0032398694523191273
119,128,0.0005955642375586631
119,129,0.0012387736141220192
119,130,0.0006908545155680492
119,131,0.0003573385425351978
120,120,0.9375573061881327
120,121,0.00441608502834902
120,122,0.005838214105274976
120,126,0.024213618757134035
120,130,0.02256694298385135
120,131,0.005407832937257911
121,121,0.9444020732485564
121,122,0.007175432315905801
121,123,0.008949834233505066
121,124,0.0030662910330443447
121,126,0.007190997245007549
121,128,0.018210967049045092
121,129,0.0023814341525674352
121,130,0.006257101498902673
121,131,0.002365869223465687
122,122,0.9554153824098631
122,123,0.008625427090053282
122,124,0.0033569875516689363
122,126,0.00467111079253578
122,129,0.02262681289274365
122,130,0.003882636848015674
122,131,0.0014216424151195853
123,123,0.9425947418882777
123,124,0.018146036231518392
123,125,0.00863904728263612
123,126,0.014543069082101226
123,127,0.0031790886612504416
123,128,0.003421304940202856
123,129,0.006055406973810365
123,131,0.003421304940202856
124,124,0.9586803721610531
124,125,0.007150692723357575
124,126,0.014260756510786983
124,127,0.004509811888026653
124,128,0.003981635720960468
124,129,0.007597611018567423
124,131,0.003819119977247796
125,125,0.9543083826494114
125,127,0.012603238603108538
125,128,0.006100019509657281
125,129,0.011432659166287312
125,130,0.008415165506925929
125,131,0.007140534564609482
126,126,0.9674176983400342
126,131,0.032582301659965764
127,127,0.9682539682539683
127,128,0.005411255411255411
127,129,0.01461038961038961
127,130,0.005110630110630111
127,131,0.006613756613756613
128,128,0.9675976302744529
128,129,0.01309797283681941
128,130,0.009349937532744932
128,131,0.00995445935598275
129,129,0.9874866497696587
129,130,0.0067269220346548066
129,131,0.005786428195686481
130,130,0.9710378245692335
130,131,0.028962175430766533
131,131,1.0
